1.5927, 60, 7.7, 0.40244
1.6427, 59.4, 7.75, 0.4515
1.6619, 59.45, 7.75, 0.38
1.6858, 59.5, 7.75, 0.34546
1.704, 59.55, 7.75, 0.3217
1.7191, 59.6, 7.75, 0.30398
1.7319, 59.65, 7.75, 0.28966
1.7432, 59.7, 7.75, 0.27802
1.7535, 59.75, 7.75, 0.26774
1.7631, 59.8, 7.75, 0.25814
1.7717, 59.85, 7.75, 0.25056
1.7796, 59.9, 7.75, 0.24366
1.7871, 59.95, 7.75, 0.23678
1.8371, 59.35, 7.8, 0.24388
1.8872, 59.7, 7.8, 0.24393
1.8874, 59.75, 7.8, 0.237
1.8922, 59.8, 7.8, 0.23075
1.9422, 59.15, 7.85, 0.24508
1.9442, 59.2, 7.85, 0.23803
1.9495, 59.25, 7.85, 0.232
1.9995, 59.85, 7.85, 0.38327
1.9999, 59.9, 7.85, 0.37184
2.0028, 59.95, 7.85, 0.36181
2.0054, 60, 7.85, 0.35115
2.0554, 58.75, 7.9, 0.37154
2.0595, 59.35, 7.9, 0.38832
2.0619, 59.4, 7.9, 0.37737
2.0647, 59.45, 7.9, 0.36618
2.0677, 59.5, 7.9, 0.35636
2.0704, 59.55, 7.9, 0.34724
2.0731, 59.6, 7.9, 0.33817
2.0757, 59.65, 7.9, 0.32983
2.0783, 59.7, 7.9, 0.32252
2.0806, 59.75, 7.9, 0.31424
2.0829, 59.8, 7.9, 0.30698
2.0851, 59.85, 7.9, 0.30043
2.0873, 59.9, 7.9, 0.29391
2.0892, 59.95, 7.9, 0.28742
2.091, 60, 7.9, 0.28129
2.141, 59, 7.95, 0.3149
2.147, 59.35, 7.95, 0.3082
2.1493, 59.4, 7.95, 0.30123
2.1513, 59.45, 7.95, 0.29498
2.1535, 59.5, 7.95, 0.2887
2.1554, 59.55, 7.95, 0.28318
2.1573, 59.6, 7.95, 0.27664
2.1592, 59.65, 7.95, 0.27182
2.1611, 59.7, 7.95, 0.266
2.1626, 59.75, 7.95, 0.26086
2.1644, 59.8, 7.95, 0.25609
2.1659, 59.85, 7.95, 0.25068
2.1673, 59.9, 7.95, 0.24593
2.1687, 59.95, 7.95, 0.24153
2.1702, 60, 7.95, 0.23715
2.2202, 58.95, 8, 0.26732
2.2263, 59.3, 8, 0.26419
2.2282, 59.35, 8, 0.25971
2.2297, 59.4, 8, 0.25488
2.2313, 59.45, 8, 0.24974
2.2331, 59.5, 8, 0.24562
2.2346, 59.55, 8, 0.24188
2.2357, 59.6, 8, 0.23678
2.2372, 59.65, 8, 0.23273
2.2383, 59.7, 8, 0.22833
2.2397, 59.75, 8, 0.22495
2.2407, 59.8, 8, 0.22094
2.2418, 59.85, 8, 0.21727
2.2428, 59.9, 8, 0.21361
2.2438, 59.95, 8, 0.21027
2.2448, 60, 8, 0.20662
2.2948, 59, 8.05, 0.22681
2.3048, 59.35, 8.05, 0.22578
2.3059, 59.4, 8.05, 0.22238
2.307, 59.45, 8.05, 0.21868
2.3081, 59.5, 8.05, 0.21464
2.3091, 59.55, 8.05, 0.2113
2.3102, 59.6, 8.05, 0.20862
2.3109, 59.65, 8.05, 0.20429
2.3119, 59.7, 8.05, 0.20131
2.3128, 59.75, 8.05, 0.19832
2.3135, 59.8, 8.05, 0.19501
2.3141, 59.85, 8.05, 0.19174
2.3147, 59.9, 8.05, 0.1888
2.3156, 59.95, 8.05, 0.18619
2.3162, 60, 8.05, 0.18325
2.3662, 58.85, 8.1, 0.20687
2.3677, 58.9, 8.1, 0.20318
2.3689, 58.95, 8.1, 0.20085
2.37, 59, 8.1, 0.19751
2.3784, 59.4, 8.1, 0.19456
2.3791, 59.45, 8.1, 0.1909
2.3807, 59.55, 8.1, 0.18564
2.3813, 59.6, 8.1, 0.18268
2.3819, 59.65, 8.1, 0.17974
2.3821, 59.7, 8.1, 0.17746
2.3827, 59.75, 8.1, 0.17454
2.3832, 59.8, 8.1, 0.17162
2.3838, 59.85, 8.1, 0.16938
2.384, 59.9, 8.1, 0.16646
2.3844, 59.95, 8.1, 0.16424
2.3846, 60, 8.1, 0.16202
2.4346, 58.6, 8.15, 0.20314
2.4353, 58.65, 8.15, 0.19978
2.4365, 58.7, 8.15, 0.1971
2.4376, 58.75, 8.15, 0.19376
2.4388, 58.8, 8.15, 0.19077
2.4396, 58.85, 8.15, 0.18813
2.4418, 58.95, 8.15, 0.18217
2.4426, 59, 8.15, 0.1799
2.4482, 59.4, 8.15, 0.17767
2.4484, 59.45, 8.15, 0.17438
2.449, 59.5, 8.15, 0.17211
2.4496, 59.55, 8.15, 0.16987
2.4497, 59.6, 8.15, 0.16727
2.4499, 59.65, 8.15, 0.16369
2.4504, 59.7, 8.15, 0.1621
2.4506, 59.75, 8.15, 0.15956
2.4507, 59.8, 8.15, 0.15699
2.4508, 59.85, 8.15, 0.15478
2.4509, 59.9, 8.15, 0.15255
2.451, 60, 8.15, 0.14817
2.501, 58.35, 8.2, 0.19487
2.5019, 58.4, 8.2, 0.19151
2.5031, 58.45, 8.2, 0.1885
2.5043, 58.5, 8.2, 0.18584
2.5051, 58.55, 8.2, 0.18352
2.5063, 58.6, 8.2, 0.18053
2.5071, 58.65, 8.2, 0.17791
2.5082, 58.7, 8.2, 0.17528
2.5089, 58.75, 8.2, 0.17299
2.5096, 58.8, 8.2, 0.17038
2.5103, 58.85, 8.2, 0.16778
2.511, 58.9, 8.2, 0.16585
2.5117, 58.95, 8.2, 0.16292
2.5124, 59, 8.2, 0.1607
2.5156, 59.4, 8.2, 0.1595
2.5158, 60, 8.2, 0.13306
2.5658, 59.9, 8.2, 0.1374
2.5662, 59.8, 8.2, 0.14178
2.5665, 58.05, 8.25, 0.19303
2.567, 58.1, 8.25, 0.19001
2.5683, 58.15, 8.25, 0.18699
2.5691, 58.2, 8.25, 0.18537
2.5703, 58.25, 8.25, 0.18164
2.5711, 58.3, 8.25, 0.17968
2.5723, 58.35, 8.25, 0.17669
2.5731, 58.4, 8.25, 0.17473
2.5739, 58.45, 8.25, 0.17211
2.5746, 58.5, 8.25, 0.16947
2.5753, 58.55, 8.25, 0.16754
2.576, 58.6, 8.25, 0.16458
2.5767, 58.65, 8.25, 0.16266
2.5774, 58.7, 8.25, 0.16007
2.5781, 58.75, 8.25, 0.15714
2.5784, 58.8, 8.25, 0.15558
2.5789, 60, 8.25, 0.12648
2.5793, 59.95, 8.25, 0.1253
2.6293, 59.9, 8.25, 0.1253
2.6297, 59.85, 8.25, 0.12746
2.6301, 59.8, 8.25, 0.12964
2.6305, 59.75, 8.25, 0.13114
2.6306, 59.7, 8.25, 0.13332
2.6309, 59.65, 8.25, 0.13552
2.6313, 59.55, 8.25, 0.13924
2.6315, 59.4, 8.25, 0.14516
2.6317, 57.75, 8.3, 0.19409
2.6318, 57.8, 8.3, 0.19175
2.6327, 57.85, 8.3, 0.1887
2.6348, 57.95, 8.3, 0.18331
2.636, 58, 8.3, 0.18065
2.6368, 58.05, 8.3, 0.17834
2.6376, 58.1, 8.3, 0.17567
2.6384, 58.15, 8.3, 0.17337
2.6395, 58.2, 8.3, 0.17072
2.6399, 58.25, 8.3, 0.16844
2.6407, 58.3, 8.3, 0.16614
2.6409, 60, 8.3, 0.1333
2.6414, 59.95, 8.3, 0.13214
2.6423, 59.9, 8.3, 0.13133
2.6427, 59.85, 8.3, 0.12947
2.6432, 59.8, 8.3, 0.12863
2.6437, 59.75, 8.3, 0.12778
2.6441, 59.7, 8.3, 0.1266
2.6445, 59.65, 8.3, 0.12542
2.6945, 59.6, 8.3, 0.12764
2.6949, 59.55, 8.3, 0.12847
2.695, 59.5, 8.3, 0.13097
2.6953, 59.45, 8.3, 0.13282
2.6957, 59, 8.3, 0.13549
2.6961, 59.3, 8.3, 0.13946
2.6963, 59.15, 8.3, 0.14543
2.6964, 57.5, 8.35, 0.18876
2.697, 57.55, 8.35, 0.18569
2.6979, 57.6, 8.35, 0.18371
2.6991, 57.65, 8.35, 0.18067
2.7, 57.7, 8.35, 0.17869
2.7009, 57.75, 8.35, 0.17673
2.7019, 60, 8.35, 0.13728
2.7034, 59.9, 8.35, 0.13562
2.7039, 59.85, 8.35, 0.13512
2.7048, 59.8, 8.35, 0.1333
2.7053, 59.75, 8.35, 0.1321
2.7059, 59.7, 8.35, 0.13158
2.7063, 59.65, 8.35, 0.13042
2.7072, 59.6, 8.35, 0.12858
2.7076, 59.55, 8.35, 0.12736
2.7081, 59.5, 8.35, 0.12688
2.7085, 59.45, 8.35, 0.12568
2.7089, 59.4, 8.35, 0.12446
2.7093, 59.35, 8.35, 0.1243
2.7593, 59.3, 8.35, 0.1265
2.7597, 58.9, 8.35, 0.12819
2.7608, 58.85, 8.35, 0.12843
2.7611, 57.25, 8.4, 0.18819
2.7618, 60, 8.4, 0.14362
2.7628, 59.95, 8.4, 0.1428
2.7638, 59.9, 8.4, 0.14166
2.7644, 59.85, 8.4, 0.14082
2.7654, 59.8, 8.4, 0.13965
2.766, 59.75, 8.4, 0.13848
2.7669, 59.7, 8.4, 0.13767
2.7674, 59.65, 8.4, 0.13682
2.7683, 59.6, 8.4, 0.13565
2.7689, 59.55, 8.4, 0.13448
2.7697, 59.5, 8.4, 0.13295
2.7702, 59.45, 8.4, 0.13178
2.7707, 59.4, 8.4, 0.13161
2.7712, 59.35, 8.4, 0.13042
2.7717, 59.3, 8.4, 0.12955
2.7721, 59.25, 8.4, 0.1287
2.7725, 59.2, 8.4, 0.12749
2.7729, 59.15, 8.4, 0.12561
2.7733, 59.1, 8.4, 0.1252
2.8233, 59.05, 8.4, 0.12672
2.8237, 58.65, 8.4, 0.12901
2.8251, 58.6, 8.4, 0.12968
2.8254, 59.8, 8.45, 0.1438
2.8258, 59.75, 8.45, 0.1433
2.8268, 59.7, 8.45, 0.14142
2.8278, 59.65, 8.45, 0.14028
2.8287, 59.6, 8.45, 0.13914
2.8294, 59.55, 8.45, 0.1386
2.8303, 59.5, 8.45, 0.13744
2.8309, 59.45, 8.45, 0.13628
2.8318, 59.4, 8.45, 0.13506
2.8323, 59.35, 8.45, 0.13456
2.8332, 59.3, 8.45, 0.13272
2.8337, 59.25, 8.45, 0.1322
2.8342, 59.2, 8.45, 0.131
2.8347, 59.15, 8.45, 0.13048
2.8355, 59.1, 8.45, 0.1286
2.836, 59.05, 8.45, 0.12806
2.8393, 58.35, 8.45, 0.12767
2.8394, 58.4, 8.45, 0.12715
2.8894, 58.3, 8.45, 0.12954
2.8895, 59.55, 8.5, 0.14346
2.8901, 59.5, 8.5, 0.1423
2.8917, 59.4, 8.5, 0.14064
2.8927, 59.35, 8.5, 0.13942
2.8933, 59.3, 8.5, 0.13892
2.8942, 59.25, 8.5, 0.13706
2.8957, 59.15, 8.5, 0.13466
2.8971, 59.05, 8.5, 0.13298
2.9025, 58.4, 8.5, 0.13274
2.9028, 58.35, 8.5, 0.13118
2.903, 58.25, 8.5, 0.12943
2.9032, 58.15, 8.5, 0.12699
2.9034, 58.1, 8.5, 0.12679
2.9534, 59.3, 8.55, 0.1442
2.9539, 59.25, 8.55, 0.14266
2.9549, 59.2, 8.55, 0.14183
2.9556, 59.15, 8.55, 0.14063
2.9565, 59.1, 8.55, 0.13979
2.9575, 59.05, 8.55, 0.13861
2.9649, 58.4, 8.55, 0.13803
2.9653, 58.35, 8.55, 0.13684
2.9656, 58.3, 8.55, 0.13597
2.9662, 58.15, 8.55, 0.13302
2.9665, 58.1, 8.55, 0.1318
2.9667, 57.75, 8.55, 0.13159
2.9668, 58.05, 8.55, 0.13058
2.9669, 57.9, 8.55, 0.12723
3.0169, 57.95, 8.55, 0.12847
3.017, 57.85, 8.55, 0.1285
3.0171, 59.05, 8.6, 0.14188
3.0264, 58.4, 8.6, 0.14164
3.0269, 58.35, 8.6, 0.14043
3.0273, 58.3, 8.6, 0.13923
3.0277, 58.25, 8.6, 0.13907
3.0289, 58.1, 8.6, 0.13543
3.0292, 58.05, 8.6, 0.13422
3.0295, 58, 8.6, 0.13333
3.0299, 57.95, 8.6, 0.13174
3.0301, 57.85, 8.6, 0.13035
3.0303, 57.75, 8.6, 0.12858
3.0305, 57.7, 8.6, 0.12698
3.0805, 57.6, 8.6, 0.12717
3.0806, 59.05, 8.65, 0.14738
3.0862, 58.45, 8.65, 0.14733
3.0871, 58.4, 8.65, 0.14648
3.0876, 58.35, 8.65, 0.14599
3.0881, 58.3, 8.65, 0.14478
3.089, 58.25, 8.65, 0.14357
3.0894, 58.2, 8.65, 0.14307
3.0899, 58.15, 8.65, 0.14187
3.0903, 58.1, 8.65, 0.141
3.0908, 58.05, 8.65, 0.13978
3.0912, 58, 8.65, 0.13856
3.0916, 57.95, 8.65, 0.13734
3.0919, 57.9, 8.65, 0.13647
3.0923, 57.85, 8.65, 0.13561
3.0926, 57.8, 8.65, 0.13472
3.093, 57.75, 8.65, 0.13386
3.0932, 57.65, 8.65, 0.13172
3.0935, 57.6, 8.65, 0.13013
3.0937, 57.4, 8.65, 0.12706
3.1437, 57.45, 8.65, 0.12708
3.1439, 59.05, 8.7, 0.15052
3.147, 58.4, 8.7, 0.15032
3.1479, 58.35, 8.7, 0.14878
3.1485, 58.3, 8.7, 0.14793
3.1491, 58.25, 8.7, 0.14741
3.1499, 58.2, 8.7, 0.14586
3.1505, 58.15, 8.7, 0.14534
3.1513, 58.1, 8.7, 0.14378
3.1518, 58.05, 8.7, 0.14293
3.1523, 58, 8.7, 0.14171
3.1528, 57.95, 8.7, 0.14157
3.1532, 57.9, 8.7, 0.14034
3.154, 57.85, 8.7, 0.13872
3.1544, 57.8, 8.7, 0.13823
3.1548, 57.75, 8.7, 0.13698
3.1552, 57.7, 8.7, 0.13575
3.1556, 57.6, 8.7, 0.13436
3.1559, 57.55, 8.7, 0.13313
3.1562, 57.5, 8.7, 0.13188
3.1567, 57.35, 8.7, 0.12884
3.1568, 57.25, 8.7, 0.12667
3.157, 57.2, 8.7, 0.12505
3.207, 58.4, 8.75, 0.15423
3.2074, 58.35, 8.75, 0.15305
3.208, 58.3, 8.75, 0.15218
3.209, 58.25, 8.75, 0.15062
3.2096, 58.2, 8.75, 0.15049
3.2106, 58.15, 8.75, 0.14894
3.2111, 58.1, 8.75, 0.14879
3.2121, 58.05, 8.75, 0.14722
3.2135, 57.95, 8.75, 0.14515
3.214, 57.9, 8.75, 0.14426
3.2145, 57.85, 8.75, 0.14377
3.2154, 57.8, 8.75, 0.14181
3.2158, 57.75, 8.75, 0.14168
3.2163, 57.7, 8.75, 0.14043
3.2167, 57.65, 8.75, 0.13919
3.2171, 57.6, 8.75, 0.13794
3.2175, 57.55, 8.75, 0.13744
3.2179, 57.5, 8.75, 0.13655
3.2183, 57.45, 8.75, 0.1353
3.2186, 57.4, 8.75, 0.13406
3.219, 57.35, 8.75, 0.1328
3.2192, 57.25, 8.75, 0.13139
3.2195, 57.2, 8.75, 0.13011
3.2198, 57.15, 8.75, 0.12886
3.2199, 57.05, 8.75, 0.12632
3.22, 56.95, 8.75, 0.12627
3.2201, 57, 8.75, 0.12542
3.2701, 58.15, 8.8, 0.15369
3.2708, 58.1, 8.8, 0.15319
3.2718, 58.05, 8.8, 0.15126
3.2724, 58, 8.8, 0.15076
3.2734, 57.95, 8.8, 0.1499
3.2739, 57.9, 8.8, 0.14867
3.2749, 57.85, 8.8, 0.14782
3.2754, 57.8, 8.8, 0.14696
3.2763, 57.75, 8.8, 0.14572
3.2768, 57.7, 8.8, 0.14522
3.2773, 57.65, 8.8, 0.14397
3.2778, 57.6, 8.8, 0.14274
3.2787, 57.55, 8.8, 0.14223
3.2791, 57.5, 8.8, 0.14099
3.2795, 57.45, 8.8, 0.13974
3.28, 57.4, 8.8, 0.13886
3.2804, 57.35, 8.8, 0.1376
3.2808, 57.3, 8.8, 0.13671
3.2811, 57.25, 8.8, 0.13583
3.2815, 57.2, 8.8, 0.13457
3.2818, 57.15, 8.8, 0.13366
3.2821, 57.05, 8.8, 0.13151
3.2824, 57, 8.8, 0.13061
3.2825, 56.9, 8.8, 0.12843
3.2828, 56.75, 8.8, 0.12588
3.3328, 56.8, 8.8, 0.12622
3.333, 57.95, 8.85, 0.1529
3.3333, 57.9, 8.85, 0.15204
3.3343, 57.85, 8.85, 0.15079
3.3353, 57.8, 8.85, 0.14958
3.3359, 57.75, 8.85, 0.14944
3.3369, 57.7, 8.85, 0.14786
3.3374, 57.65, 8.85, 0.14734
3.338, 57.6, 8.85, 0.14646
3.3389, 57.55, 8.85, 0.14521
3.3394, 57.5, 8.85, 0.14434
3.3399, 57.45, 8.85, 0.1438
3.3408, 57.4, 8.85, 0.14222
3.3413, 57.35, 8.85, 0.14096
3.3417, 57.3, 8.85, 0.14044
3.3422, 57.25, 8.85, 0.13919
3.3426, 57.2, 8.85, 0.13831
3.343, 57.15, 8.85, 0.13703
3.3434, 57.1, 8.85, 0.13578
3.3437, 57.05, 8.85, 0.13562
3.3441, 57, 8.85, 0.13436
3.3444, 56.95, 8.85, 0.13308
3.3447, 56.85, 8.85, 0.13126
3.345, 56.8, 8.85, 0.13
3.3453, 56.75, 8.85, 0.12833
3.3454, 56.65, 8.85, 0.1265
3.3455, 56.55, 8.85, 0.12484
3.3955, 56.6, 8.85, 0.12556
3.3956, 56.5, 8.85, 0.12602
3.3957, 57.75, 8.9, 0.15306
3.396, 57.7, 8.9, 0.15218
3.397, 57.65, 8.9, 0.15168
3.3977, 57.6, 8.9, 0.15045
3.3986, 57.55, 8.9, 0.14921
3.3992, 57.5, 8.9, 0.14833
3.4002, 57.45, 8.9, 0.14782
3.4007, 57.4, 8.9, 0.14621
3.4013, 57.35, 8.9, 0.1457
3.4021, 57.3, 8.9, 0.14444
3.4027, 57.25, 8.9, 0.14392
3.4031, 57.2, 8.9, 0.14267
3.4036, 57.15, 8.9, 0.1414
3.4041, 57.1, 8.9, 0.14089
3.4049, 57.05, 8.9, 0.13963
3.4053, 57, 8.9, 0.13836
3.4057, 56.95, 8.9, 0.1371
3.4061, 56.9, 8.9, 0.13655
3.4065, 56.85, 8.9, 0.13566
3.4068, 56.75, 8.9, 0.1331
3.4071, 56.7, 8.9, 0.13218
3.4074, 56.65, 8.9, 0.13128
3.4076, 56.55, 8.9, 0.12908
3.4079, 56.5, 8.9, 0.12777
3.408, 56.4, 8.9, 0.12593
3.4082, 56.35, 8.9, 0.12486
3.4582, 57.55, 8.95, 0.15211
3.4585, 57.5, 8.95, 0.15196
3.4601, 57.4, 8.95, 0.1502
3.4611, 57.35, 8.95, 0.1486
3.4617, 57.3, 8.95, 0.14772
3.4626, 57.25, 8.95, 0.14683
3.4632, 57.2, 8.95, 0.14558
3.4637, 57.15, 8.95, 0.14541
3.4646, 57.1, 8.95, 0.14341
3.4651, 57.05, 8.95, 0.14254
3.4656, 57, 8.95, 0.14202
3.4661, 56.95, 8.95, 0.14073
3.4669, 56.9, 8.95, 0.1391
3.4674, 56.85, 8.95, 0.13856
3.4678, 56.8, 8.95, 0.13766
3.4682, 56.75, 8.95, 0.13639
3.4686, 56.7, 8.95, 0.13508
3.469, 56.65, 8.95, 0.13382
3.4693, 56.55, 8.95, 0.13235
3.4696, 56.5, 8.95, 0.13143
3.4699, 56.45, 8.95, 0.13014
3.4701, 56.35, 8.95, 0.12867
3.4704, 56.3, 8.95, 0.12736
3.4705, 56.2, 8.95, 0.12512
3.4707, 56.15, 8.95, 0.12419
3.5207, 57.35, 9, 0.15235
3.521, 57.3, 9, 0.15148
3.522, 57.25, 9, 0.14987
3.5227, 57.2, 9, 0.14972
3.5236, 57.15, 9, 0.14809
3.5242, 57.1, 9, 0.14756
3.5248, 57.05, 9, 0.14666
3.5263, 56.95, 9, 0.1445
3.5268, 56.9, 9, 0.14361
3.5277, 56.85, 9, 0.14235
3.5282, 56.8, 9, 0.14107
3.5286, 56.75, 9, 0.14017
3.5291, 56.7, 9, 0.13963
3.5295, 56.65, 9, 0.13833
3.53, 56.6, 9, 0.13742
3.5304, 56.55, 9, 0.13613
3.5308, 56.5, 9, 0.13523
3.5311, 56.45, 9, 0.13431
3.5315, 56.4, 9, 0.13301
3.5318, 56.35, 9, 0.13172
3.5321, 56.25, 9, 0.12985
3.5324, 56.2, 9, 0.12892
3.5325, 56.1, 9, 0.12744
3.5328, 55.95, 9, 0.12483
3.533, 56, 9, 0.12404
3.583, 57.15, 9.05, 0.15238
3.5837, 57.1, 9.05, 0.1515
3.5843, 57.05, 9.05, 0.15021
3.5853, 57, 9.05, 0.14932
3.5859, 56.95, 9.05, 0.14843
3.5865, 56.9, 9.05, 0.14754
3.5874, 56.85, 9.05, 0.14627
3.588, 56.8, 9.05, 0.14536
3.5885, 56.75, 9.05, 0.14447
3.5894, 56.7, 9.05, 0.14318
3.5899, 56.65, 9.05, 0.14265
3.5904, 56.6, 9.05, 0.14137
3.5909, 56.55, 9.05, 0.14007
3.5914, 56.5, 9.05, 0.13991
3.5918, 56.45, 9.05, 0.13863
3.5922, 56.4, 9.05, 0.13733
3.5926, 56.35, 9.05, 0.13604
3.593, 56.3, 9.05, 0.13509
3.5934, 56.25, 9.05, 0.13417
3.5938, 56.2, 9.05, 0.13287
3.5941, 56.15, 9.05, 0.13194
3.5943, 56.05, 9.05, 0.13008
3.5946, 56, 9.05, 0.12877
3.5948, 55.8, 9.05, 0.12499
3.5951, 55.75, 9.05, 0.12494
3.6451, 56.95, 9.1, 0.15159
3.646, 56.9, 9.1, 0.15068
3.6467, 56.85, 9.1, 0.14941
3.6476, 56.8, 9.1, 0.14853
3.6483, 56.75, 9.1, 0.14723
3.6488, 56.7, 9.1, 0.1471
3.6498, 56.65, 9.1, 0.14504
3.6503, 56.6, 9.1, 0.14413
3.6509, 56.55, 9.1, 0.14361
3.6518, 56.5, 9.1, 0.14196
3.6523, 56.45, 9.1, 0.14102
3.6528, 56.4, 9.1, 0.14048
3.6532, 56.35, 9.1, 0.13956
3.6537, 56.3, 9.1, 0.13826
3.6541, 56.25, 9.1, 0.13695
3.6546, 56.2, 9.1, 0.13603
3.655, 56.15, 9.1, 0.13511
3.6553, 56.1, 9.1, 0.13381
3.6557, 56.05, 9.1, 0.13287
3.656, 55.95, 9.1, 0.13138
3.6563, 55.9, 9.1, 0.13005
3.6566, 55.85, 9.1, 0.12872
3.6568, 55.75, 9.1, 0.12722
3.6569, 55.55, 9.1, 0.12506
3.707, 55.7, 9.1, 0.12551
3.7071, 56.8, 9.15, 0.15203
3.7074, 56.75, 9.15, 0.15149
3.7084, 56.7, 9.15, 0.15021
3.7091, 56.65, 9.15, 0.14931
3.7097, 56.6, 9.15, 0.1484
3.7107, 56.55, 9.15, 0.14749
3.7112, 56.5, 9.15, 0.14621
3.7118, 56.45, 9.15, 0.1449
3.7133, 56.35, 9.15, 0.14307
3.7138, 56.3, 9.15, 0.14216
3.7143, 56.25, 9.15, 0.14123
3.7148, 56.2, 9.15, 0.1403
3.7152, 56.15, 9.15, 0.13939
3.7157, 56.1, 9.15, 0.13807
3.7161, 56.05, 9.15, 0.13676
3.7166, 56, 9.15, 0.13581
3.717, 55.95, 9.15, 0.13488
3.7173, 55.9, 9.15, 0.13357
3.7177, 55.85, 9.15, 0.13262
3.7183, 55.7, 9.15, 0.12941
3.7186, 55.65, 9.15, 0.12885
3.7188, 55.55, 9.15, 0.12657
3.7189, 55.45, 9.15, 0.12463
3.7191, 55.4, 9.15, 0.12436
3.7691, 56.6, 9.2, 0.15186
3.7699, 56.55, 9.2, 0.14982
3.7705, 56.5, 9.2, 0.14966
3.7711, 56.45, 9.2, 0.14874
3.7721, 56.4, 9.2, 0.14743
3.7727, 56.35, 9.2, 0.14653
3.7733, 56.3, 9.2, 0.14562
3.7743, 56.25, 9.2, 0.14432
3.7748, 56.2, 9.2, 0.1434
3.7753, 56.15, 9.2, 0.14208
3.7764, 56.05, 9.2, 0.14062
3.7768, 56, 9.2, 0.13966
3.7773, 55.95, 9.2, 0.13836
3.7777, 55.9, 9.2, 0.13703
3.7782, 55.85, 9.2, 0.13648
3.7786, 55.8, 9.2, 0.13516
3.779, 55.75, 9.2, 0.13384
3.7794, 55.7, 9.2, 0.13288
3.7797, 55.65, 9.2, 0.13156
3.78, 55.55, 9.2, 0.13005
3.7803, 55.5, 9.2, 0.12908
3.7805, 55.4, 9.2, 0.12639
3.7808, 55.25, 9.2, 0.12291
3.8309, 55.2, 9.2, 0.12412
3.8311, 56.45, 9.25, 0.15164
3.832, 56.35, 9.25, 0.14939
3.8326, 56.3, 9.25, 0.14925
3.8336, 56.25, 9.25, 0.14718
3.8348, 56.15, 9.25, 0.14571
3.8358, 56.1, 9.25, 0.14403
3.8364, 56.05, 9.25, 0.14346
3.8374, 55.95, 9.25, 0.14123
3.8379, 55.9, 9.25, 0.1403
3.8384, 55.85, 9.25, 0.14014
3.8389, 55.8, 9.25, 0.13879
3.8394, 55.75, 9.25, 0.13748
3.8398, 55.7, 9.25, 0.13692
3.8402, 55.65, 9.25, 0.13558
3.8407, 55.6, 9.25, 0.13424
3.841, 55.55, 9.25, 0.1333
3.8414, 55.5, 9.25, 0.13196
3.8417, 55.4, 9.25, 0.12966
3.842, 55.35, 9.25, 0.1287
3.8423, 55.25, 9.25, 0.12676
3.8424, 55.15, 9.25, 0.12484
3.8426, 55.1, 9.25, 0.12308
3.8926, 55, 9.25, 0.12487
3.8927, 56.25, 9.3, 0.151
3.8935, 56.2, 9.3, 0.15046
3.8941, 56.15, 9.3, 0.14915
3.8948, 56.1, 9.3, 0.14823
3.8958, 56.05, 9.3, 0.14691
3.8964, 56, 9.3, 0.14638
3.897, 55.95, 9.3, 0.14505
3.8985, 55.85, 9.3, 0.1428
3.899, 55.8, 9.3, 0.14226
3.8996, 55.75, 9.3, 0.14131
3.9001, 55.7, 9.3, 0.13997
3.9005, 55.65, 9.3, 0.13903
3.901, 55.6, 9.3, 0.13808
3.9015, 55.55, 9.3, 0.13674
3.9019, 55.5, 9.3, 0.1354
3.9023, 55.4, 9.3, 0.13389
3.9027, 55.35, 9.3, 0.13294
3.9031, 55.3, 9.3, 0.13159
3.9034, 55.25, 9.3, 0.13101
3.9037, 55.15, 9.3, 0.12828
3.9039, 55.05, 9.3, 0.12637
3.904, 54.95, 9.3, 0.124
3.9042, 54.9, 9.3, 0.12303
3.9542, 54.8, 9.3, 0.12668
3.9543, 56.1, 9.35, 0.15083
3.9546, 56.05, 9.35, 0.14989
3.9556, 56, 9.35, 0.14897
3.9563, 55.95, 9.35, 0.14765
3.9569, 55.9, 9.35, 0.14749
3.9575, 55.85, 9.35, 0.14618
3.9591, 55.75, 9.35, 0.14389
3.9597, 55.7, 9.35, 0.14297
3.9602, 55.65, 9.35, 0.14201
3.9608, 55.6, 9.35, 0.14107
3.9613, 55.55, 9.35, 0.13975
3.9618, 55.5, 9.35, 0.13878
3.9623, 55.45, 9.35, 0.13821
3.9632, 55.35, 9.35, 0.1363
3.9636, 55.3, 9.35, 0.13495
3.964, 55.25, 9.35, 0.13321
3.9644, 55.15, 9.35, 0.13168
3.9648, 55.1, 9.35, 0.13032
3.9651, 55.05, 9.35, 0.12934
3.9654, 54.95, 9.35, 0.127
3.9655, 54.85, 9.35, 0.12544
3.9656, 54.75, 9.35, 0.12278
4.0156, 54.8, 9.35, 0.12326
4.0158, 54.6, 9.35, 0.12606
4.0159, 55.95, 9.4, 0.15106
4.0161, 55.9, 9.4, 0.1505
4.0174, 55.8, 9.4, 0.14824
4.0185, 55.75, 9.4, 0.1473
4.0191, 55.7, 9.4, 0.14638
4.0197, 55.65, 9.4, 0.14543
4.0203, 55.6, 9.4, 0.14408
4.0209, 55.55, 9.4, 0.14353
4.0214, 55.5, 9.4, 0.14218
4.0224, 55.45, 9.4, 0.14124
4.0229, 55.4, 9.4, 0.14066
4.0234, 55.35, 9.4, 0.1393
4.0239, 55.3, 9.4, 0.13837
4.024, 55.25, 9.4, 0.13739
4.0244, 55.2, 9.4, 0.13604
4.0249, 55.15, 9.4, 0.13547
4.0253, 55.1, 9.4, 0.13412
4.0257, 55.05, 9.4, 0.13314
4.0261, 54.95, 9.4, 0.1308
4.0264, 54.9, 9.4, 0.12943
4.0267, 54.8, 9.4, 0.12747
4.027, 54.6, 9.4, 0.12313
4.077, 54.55, 9.4, 0.12383
4.0772, 54.7, 9.4, 0.12511
4.0773, 55.75, 9.45, 0.14983
4.0779, 55.7, 9.45, 0.14969
4.0789, 55.65, 9.45, 0.14757
4.0796, 55.6, 9.45, 0.14661
4.0802, 55.55, 9.45, 0.14646
4.0809, 55.5, 9.45, 0.1455
4.0815, 55.45, 9.45, 0.14414
4.0824, 55.4, 9.45, 0.14242
4.083, 55.35, 9.45, 0.14106
4.0841, 55.25, 9.45, 0.13992
4.0846, 55.2, 9.45, 0.13857
4.0851, 55.15, 9.45, 0.13761
4.0856, 55.1, 9.45, 0.13663
4.0861, 55, 9.45, 0.1351
4.0866, 54.95, 9.45, 0.13411
4.0874, 54.8, 9.45, 0.13042
4.0877, 54.75, 9.45, 0.12943
4.088, 54.65, 9.45, 0.12705
4.0883, 54.45, 9.45, 0.12349
4.0886, 54.4, 9.45, 0.12279
4.1386, 55.6, 9.5, 0.15053
4.1394, 55.55, 9.5, 0.14879
4.1401, 55.5, 9.5, 0.14744
4.1414, 55.4, 9.5, 0.14632
4.142, 55.35, 9.5, 0.14537
4.1436, 55.25, 9.5, 0.14228
4.1442, 55.2, 9.5, 0.14211
4.1447, 55.15, 9.5, 0.14113
4.1453, 55.1, 9.5, 0.13977
4.1458, 55.05, 9.5, 0.13879
4.1463, 55, 9.5, 0.13742
4.1468, 54.95, 9.5, 0.13685
4.1473, 54.85, 9.5, 0.13532
4.1478, 54.8, 9.5, 0.13392
4.1482, 54.75, 9.5, 0.13295
4.1486, 54.65, 9.5, 0.13057
4.149, 54.6, 9.5, 0.12961
4.1493, 54.5, 9.5, 0.12679
4.1495, 54.4, 9.5, 0.12561
4.1496, 54.3, 9.5, 0.12282
4.1499, 54.25, 9.5, 0.12239
4.1999, 55.45, 9.55, 0.15024
4.2004, 55.4, 9.55, 0.14929
4.2011, 55.35, 9.55, 0.14872
4.2018, 55.3, 9.55, 0.14737
4.2025, 55.25, 9.55, 0.14602
4.2035, 55.2, 9.55, 0.14505
4.2041, 55.15, 9.55, 0.14408
4.2047, 55.1, 9.55, 0.14353
4.2053, 55.05, 9.55, 0.14216
4.2059, 55, 9.55, 0.14117
4.2064, 54.95, 9.55, 0.14021
4.207, 54.9, 9.55, 0.13884
4.2075, 54.85, 9.55, 0.13825
4.208, 54.8, 9.55, 0.13687
4.2085, 54.75, 9.55, 0.13588
4.209, 54.65, 9.55, 0.13434
4.2094, 54.6, 9.55, 0.13256
4.2098, 54.55, 9.55, 0.13156
4.2102, 54.45, 9.55, 0.12916
4.2105, 54.35, 9.55, 0.12717
4.2107, 54.25, 9.55, 0.12517
4.2109, 54.15, 9.55, 0.12235
4.2609, 54.1, 9.55, 0.12266
4.2612, 55.35, 9.6, 0.15038
4.2615, 55.25, 9.6, 0.14923
4.2622, 55.2, 9.6, 0.14829
4.2628, 55.15, 9.6, 0.1469
4.2639, 55.1, 9.6, 0.14515
4.2646, 55.05, 9.6, 0.14497
4.2652, 55, 9.6, 0.14403
4.2658, 54.95, 9.6, 0.14263
4.2664, 54.9, 9.6, 0.14207
4.267, 54.85, 9.6, 0.14068
4.2675, 54.8, 9.6, 0.13931
4.2681, 54.75, 9.6, 0.13832
4.2686, 54.7, 9.6, 0.13736
4.2691, 54.65, 9.6, 0.13637
4.2692, 54.6, 9.6, 0.13578
4.2697, 54.55, 9.6, 0.13479
4.2701, 54.5, 9.6, 0.1334
4.2706, 54.4, 9.6, 0.13141
4.271, 54.35, 9.6, 0.13001
4.2713, 54.25, 9.6, 0.12799
4.2716, 54.15, 9.6, 0.12641
4.2718, 54.05, 9.6, 0.12399
4.2719, 53.95, 9.6, 0.12289
4.2721, 54, 9.6, 0.12175
4.3221, 53.9, 9.6, 0.12329
4.3222, 55.15, 9.65, 0.15064
4.3224, 55.1, 9.65, 0.14887
4.3235, 55.05, 9.65, 0.14791
4.3242, 55, 9.65, 0.14655
4.3249, 54.95, 9.65, 0.14597
4.3256, 54.9, 9.65, 0.14498
4.3262, 54.85, 9.65, 0.14361
4.3268, 54.8, 9.65, 0.14264
4.3274, 54.75, 9.65, 0.14165
4.328, 54.7, 9.65, 0.14026
4.3286, 54.65, 9.65, 0.13968
4.3291, 54.6, 9.65, 0.13869
4.3297, 54.55, 9.65, 0.13771
4.3302, 54.5, 9.65, 0.13631
4.3303, 54.45, 9.65, 0.13532
4.3307, 54.4, 9.65, 0.13473
4.3312, 54.35, 9.65, 0.13374
4.3316, 54.3, 9.65, 0.13232
4.3317, 54.25, 9.65, 0.13134
4.3324, 54.1, 9.65, 0.1279
4.3327, 54, 9.65, 0.12547
4.3328, 53.85, 9.65, 0.12243
4.3828, 53.8, 9.65, 0.12279
4.3831, 55, 9.7, 0.1497
4.3838, 54.95, 9.7, 0.14793
4.3845, 54.9, 9.7, 0.14738
4.3852, 54.85, 9.7, 0.14639
4.3858, 54.8, 9.7, 0.14542
4.3865, 54.75, 9.7, 0.14443
4.3872, 54.7, 9.7, 0.14305
4.3878, 54.65, 9.7, 0.14204
4.3884, 54.6, 9.7, 0.14109
4.389, 54.55, 9.7, 0.14007
4.3896, 54.5, 9.7, 0.13867
4.3901, 54.45, 9.7, 0.1381
4.3906, 54.4, 9.7, 0.1367
4.3912, 54.35, 9.7, 0.13568
4.3913, 54.3, 9.7, 0.1351
4.3918, 54.25, 9.7, 0.13411
4.3922, 54.2, 9.7, 0.1331
4.3923, 54.15, 9.7, 0.13168
4.3927, 54.1, 9.7, 0.13069
4.3931, 54, 9.7, 0.12865
4.3934, 53.9, 9.7, 0.12663
4.3937, 53.65, 9.7, 0.12261
4.3939, 53.7, 9.7, 0.12213
4.4439, 53.6, 9.7, 0.12345
4.444, 54.85, 9.75, 0.14902
4.4446, 54.8, 9.75, 0.14843
4.4453, 54.75, 9.75, 0.14704
4.446, 54.7, 9.75, 0.14607
4.4467, 54.65, 9.75, 0.14508
4.4474, 54.6, 9.75, 0.14449
4.448, 54.55, 9.75, 0.14352
4.4487, 54.5, 9.75, 0.14252
4.4493, 54.45, 9.75, 0.14112
4.4499, 54.4, 9.75, 0.14053
4.4505, 54.35, 9.75, 0.13914
4.451, 54.3, 9.75, 0.13732
4.4516, 54.25, 9.75, 0.13589
4.4521, 54.2, 9.75, 0.13489
4.4522, 54.15, 9.75, 0.1347
4.4527, 54.1, 9.75, 0.13328
4.4532, 54, 9.75, 0.13128
4.4536, 53.95, 9.75, 0.13025
4.4541, 53.85, 9.75, 0.12782
4.4544, 53.8, 9.75, 0.12678
4.4546, 53.45, 9.75, 0.1244
4.4547, 53.5, 9.75, 0.1227
4.5047, 53.7, 9.75, 0.12432
4.5048, 54.7, 9.8, 0.14894
4.5054, 54.65, 9.8, 0.14835
4.5065, 54.6, 9.8, 0.14737
4.5072, 54.55, 9.8, 0.14597
4.5079, 54.5, 9.8, 0.14539
4.5086, 54.45, 9.8, 0.14398
4.5093, 54.4, 9.8, 0.14258
4.5099, 54.35, 9.8, 0.14199
4.5101, 54.3, 9.8, 0.14059
4.5107, 54.25, 9.8, 0.13957
4.5113, 54.2, 9.8, 0.13855
4.5119, 54.15, 9.8, 0.13799
4.5124, 54.1, 9.8, 0.13697
4.5129, 54.05, 9.8, 0.13514
4.5131, 54, 9.8, 0.13454
4.5135, 53.95, 9.8, 0.13353
4.514, 53.9, 9.8, 0.13211
4.5141, 53.85, 9.8, 0.13109
4.5145, 53.75, 9.8, 0.12946
4.5149, 53.65, 9.8, 0.12699
4.5152, 53.55, 9.8, 0.12452
4.5155, 53.3, 9.8, 0.12435
4.5156, 53.5, 9.8, 0.12307
4.5656, 54.7, 9.85, 0.15205
4.5658, 54.55, 9.85, 0.14828
4.5665, 54.5, 9.85, 0.14686
4.5673, 54.45, 9.85, 0.14627
4.568, 54.4, 9.85, 0.14569
4.5687, 54.35, 9.85, 0.14429
4.5693, 54.3, 9.85, 0.1437
4.57, 54.25, 9.85, 0.14228
4.5706, 54.2, 9.85, 0.14127
4.5713, 54.15, 9.85, 0.13945
4.5719, 54.1, 9.85, 0.13844
4.572, 54.05, 9.85, 0.13827
4.5726, 54, 9.85, 0.13683
4.5732, 53.95, 9.85, 0.1358
4.5738, 53.85, 9.85, 0.13336
4.5743, 53.8, 9.85, 0.13235
4.5748, 53.7, 9.85, 0.13113
4.5753, 53.6, 9.85, 0.12866
4.5757, 53.55, 9.85, 0.1268
4.5759, 53.35, 9.85, 0.12309
4.5761, 53.25, 9.85, 0.12166
4.5762, 53.3, 9.85, 0.12163
4.6263, 54.45, 9.9, 0.14912
4.6268, 54.4, 9.9, 0.14813
4.6275, 54.35, 9.9, 0.14713
4.6283, 54.3, 9.9, 0.14613
4.629, 54.25, 9.9, 0.14513
4.6297, 54.2, 9.9, 0.14371
4.63, 54.15, 9.9, 0.1431
4.6306, 54.1, 9.9, 0.14168
4.6313, 54.05, 9.9, 0.14109
4.6319, 54, 9.9, 0.13966
4.6325, 53.95, 9.9, 0.13906
4.6333, 53.85, 9.9, 0.13702
4.6338, 53.8, 9.9, 0.13559
4.6344, 53.75, 9.9, 0.13457
4.6349, 53.7, 9.9, 0.13356
4.635, 53.65, 9.9, 0.13252
4.6355, 53.55, 9.9, 0.13046
4.636, 53.45, 9.9, 0.12796
4.6364, 53.35, 9.9, 0.12591
4.6365, 53, 9.9, 0.12549
4.6366, 53.2, 9.9, 0.12236
4.6368, 53.1, 9.9, 0.12209
4.6369, 53.15, 9.9, 0.1213
4.6869, 54.3, 9.95, 0.14838
4.6873, 54.25, 9.95, 0.14777
4.6881, 54.2, 9.95, 0.14638
4.6888, 54.15, 9.95, 0.14577
4.6895, 54.1, 9.95, 0.14436
4.6902, 54.05, 9.95, 0.14332
4.6909, 54, 9.95, 0.14233
4.6916, 53.95, 9.95, 0.14131
4.6929, 53.85, 9.95, 0.13886
4.6931, 53.8, 9.95, 0.13865
4.6937, 53.75, 9.95, 0.13638
4.6942, 53.7, 9.95, 0.13534
4.6948, 53.65, 9.95, 0.13432
4.6949, 53.6, 9.95, 0.13413
4.6955, 53.5, 9.95, 0.13165
4.696, 53.45, 9.95, 0.13063
4.6961, 53.4, 9.95, 0.12957
4.6965, 53.3, 9.95, 0.12751
4.6969, 53.2, 9.95, 0.125
4.6972, 53.05, 9.95, 0.12143
4.6975, 53, 9.95, 0.12067
4.7475, 54.15, 10, 0.1483
4.7481, 54.1, 10, 0.14687
4.7489, 54.05, 10, 0.14584
4.7496, 54, 10, 0.14484
4.7504, 53.95, 10, 0.1438
4.7511, 53.9, 10, 0.14238
4.7518, 53.85, 10, 0.14178
4.7524, 53.8, 10, 0.14036
4.7527, 53.75, 10, 0.14015
4.7533, 53.7, 10, 0.13913
4.7539, 53.65, 10, 0.13767
4.7545, 53.6, 10, 0.13581
4.7547, 53.55, 10, 0.13562
4.7552, 53.5, 10, 0.13457
4.7558, 53.45, 10, 0.1323
4.7564, 53.35, 10, 0.13106
4.7565, 53.3, 10, 0.13
4.7569, 53.25, 10, 0.12897
4.7574, 53.05, 10, 0.12518
4.7576, 52.9, 10, 0.12163
4.758, 52.85, 10, 0.12125
4.808, 54.05, 10.05, 0.14907
4.8081, 54, 10.05, 0.14804
4.8088, 53.95, 10.05, 0.1466
4.8096, 53.9, 10.05, 0.14602
4.8104, 53.85, 10.05, 0.14457
4.8111, 53.8, 10.05, 0.14354
4.8118, 53.75, 10.05, 0.14252
4.8125, 53.7, 10.05, 0.1415
4.8132, 53.65, 10.05, 0.14047
4.8134, 53.6, 10.05, 0.13902
4.814, 53.55, 10.05, 0.1384
4.8147, 53.5, 10.05, 0.13736
4.8148, 53.45, 10.05, 0.1355
4.8154, 53.4, 10.05, 0.13488
4.816, 53.35, 10.05, 0.13383
4.8161, 53.3, 10.05, 0.13279
4.8166, 53.25, 10.05, 0.13174
4.8167, 53.2, 10.05, 0.13069
4.8172, 53.15, 10.05, 0.12965
4.8173, 53.1, 10.05, 0.12816
4.8177, 52.95, 10.05, 0.12544
4.818, 52.75, 10.05, 0.12088
4.868, 52.85, 10.05, 0.12247
4.8681, 52.7, 10.05, 0.1226
4.8683, 53.9, 10.1, 0.14736
4.8691, 53.85, 10.1, 0.14592
4.8699, 53.8, 10.1, 0.14532
4.8706, 53.75, 10.1, 0.14426
4.871, 53.7, 10.1, 0.14367
4.8717, 53.65, 10.1, 0.14306
4.8724, 53.6, 10.1, 0.14162
4.8731, 53.55, 10.1, 0.14059
4.8738, 53.5, 10.1, 0.13954
4.874, 53.45, 10.1, 0.13807
4.8753, 53.35, 10.1, 0.136
4.8754, 53.3, 10.1, 0.13494
4.876, 53.25, 10.1, 0.13391
4.8762, 53.2, 10.1, 0.13328
4.8768, 53.1, 10.1, 0.1312
4.8773, 53.05, 10.1, 0.12927
4.8774, 53, 10.1, 0.12865
4.8779, 52.85, 10.1, 0.12547
4.8783, 52.7, 10.1, 0.12184
4.8786, 52.6, 10.1, 0.1212
4.8787, 52.65, 10.1, 0.11991
4.9287, 53.75, 10.15, 0.14705
4.9295, 53.7, 10.15, 0.14643
4.9303, 53.65, 10.15, 0.14539
4.9311, 53.6, 10.15, 0.14439
4.9318, 53.55, 10.15, 0.14334
4.9326, 53.5, 10.15, 0.14189
4.9329, 53.45, 10.15, 0.14126
4.9342, 53.35, 10.15, 0.13875
4.9345, 53.3, 10.15, 0.13771
4.9351, 53.25, 10.15, 0.13624
4.9357, 53.2, 10.15, 0.1356
4.9359, 53.15, 10.15, 0.13456
4.9365, 53.1, 10.15, 0.13351
4.9366, 53.05, 10.15, 0.13245
4.9372, 53, 10.15, 0.1314
4.9373, 52.95, 10.15, 0.13035
4.9378, 52.9, 10.15, 0.12929
4.9379, 52.8, 10.15, 0.12673
4.9384, 52.65, 10.15, 0.1231
4.9386, 52.45, 10.15, 0.12216
4.9387, 52.5, 10.15, 0.12085
4.9887, 52.55, 10.15, 0.12096
4.9888, 53.65, 10.2, 0.14714
4.9895, 53.6, 10.2, 0.1465
4.9903, 53.55, 10.2, 0.14506
4.9911, 53.5, 10.2, 0.14402
4.9919, 53.45, 10.2, 0.14296
4.9922, 53.4, 10.2, 0.14237
4.9929, 53.35, 10.2, 0.14173
4.9936, 53.3, 10.2, 0.13984
4.9939, 53.25, 10.2, 0.13965
4.9946, 53.2, 10.2, 0.13817
4.9952, 53.15, 10.2, 0.13626
4.9955, 53.1, 10.2, 0.13606
4.9961, 53.05, 10.2, 0.13502
4.9963, 53, 10.2, 0.13395
4.9968, 52.95, 10.2, 0.13288
4.997, 52.9, 10.2, 0.13139
4.9975, 52.85, 10.2, 0.13033
4.9976, 52.8, 10.2, 0.12927
4.9981, 52.75, 10.2, 0.12822
4.9983, 52.65, 10.2, 0.12563
4.9986, 52.4, 10.2, 0.12068
5.0487, 52.35, 10.2, 0.12075
5.049, 53.55, 10.25, 0.14834
5.0493, 53.5, 10.25, 0.14684
5.0501, 53.45, 10.25, 0.14624
5.0509, 53.4, 10.25, 0.14517
5.0517, 53.35, 10.25, 0.14288
5.052, 53.3, 10.25, 0.14268
5.0528, 53.25, 10.25, 0.14162
5.0535, 53.2, 10.25, 0.14016
5.0538, 53.15, 10.25, 0.1391
5.0545, 53.1, 10.25, 0.13849
5.0552, 53.05, 10.25, 0.13742
5.0554, 53, 10.25, 0.13593
5.0561, 52.95, 10.25, 0.13486
5.0569, 52.85, 10.25, 0.13233
5.057, 52.8, 10.25, 0.13125
5.0576, 52.75, 10.25, 0.13019
5.0578, 52.65, 10.25, 0.1289
5.0583, 52.6, 10.25, 0.12697
5.0584, 52.5, 10.25, 0.12524
5.0586, 52.15, 10.25, 0.12361
5.0587, 52.2, 10.25, 0.12228
5.0588, 52.25, 10.25, 0.121
5.0589, 52.3, 10.25, 0.12093
5.1089, 52.1, 10.25, 0.12448
5.109, 53.45, 10.3, 0.14854
5.1093, 53.4, 10.3, 0.14708
5.1097, 53.35, 10.3, 0.14603
5.1114, 53.25, 10.3, 0.14394
5.1122, 53.2, 10.3, 0.14288
5.1125, 53.15, 10.3, 0.14182
5.1133, 53.1, 10.3, 0.14075
5.114, 53.05, 10.3, 0.13969
5.1143, 53, 10.3, 0.13865
5.115, 52.95, 10.3, 0.13716
5.1152, 52.9, 10.3, 0.13652
5.1159, 52.85, 10.3, 0.13502
5.1161, 52.8, 10.3, 0.1344
5.1167, 52.75, 10.3, 0.13289
5.1169, 52.7, 10.3, 0.13225
5.1175, 52.65, 10.3, 0.13118
5.1176, 52.6, 10.3, 0.12967
5.1177, 52.55, 10.3, 0.12859
5.1183, 52.45, 10.3, 0.12645
5.1184, 52.4, 10.3, 0.12493
5.1187, 52.05, 10.3, 0.12287
5.1188, 52.1, 10.3, 0.12157
5.1189, 52.2, 10.3, 0.12057
5.1689, 53.3, 10.35, 0.14781
5.1696, 53.25, 10.35, 0.14634
5.1705, 53.2, 10.35, 0.14526
5.1709, 53.15, 10.35, 0.14422
5.1717, 53.1, 10.35, 0.14315
5.1725, 53.05, 10.35, 0.14166
5.1732, 53, 10.35, 0.14147
5.1736, 52.95, 10.35, 0.1404
5.1743, 52.9, 10.35, 0.13893
5.1746, 52.85, 10.35, 0.13786
5.1755, 52.75, 10.35, 0.13527
5.1762, 52.7, 10.35, 0.13463
5.1764, 52.65, 10.35, 0.13312
5.177, 52.6, 10.35, 0.13249
5.1772, 52.55, 10.35, 0.13141
5.1778, 52.5, 10.35, 0.1299
5.1779, 52.45, 10.35, 0.12882
5.178, 52.4, 10.35, 0.12774
5.1781, 52.35, 10.35, 0.12665
5.1786, 52.3, 10.35, 0.12555
5.1787, 52.05, 10.35, 0.1201
5.2287, 52, 10.35, 0.12183
5.2291, 53.2, 10.4, 0.14766
5.2294, 53.15, 10.4, 0.1466
5.2302, 53.1, 10.4, 0.14597
5.2306, 53.05, 10.4, 0.14448
5.2315, 53, 10.4, 0.14342
5.2323, 52.95, 10.4, 0.14278
5.2326, 52.9, 10.4, 0.14086
5.2334, 52.85, 10.4, 0.14022
5.2341, 52.8, 10.4, 0.13914
5.2344, 52.75, 10.4, 0.13808
5.2354, 52.65, 10.4, 0.13593
5.2361, 52.6, 10.4, 0.13486
5.2363, 52.55, 10.4, 0.13378
5.2365, 52.5, 10.4, 0.13226
5.2371, 52.45, 10.4, 0.13118
5.2373, 52.4, 10.4, 0.1301
5.2375, 52.35, 10.4, 0.12946
5.238, 52.3, 10.4, 0.12748
5.2382, 52.2, 10.4, 0.12573
5.2383, 52.15, 10.4, 0.12465
5.2387, 51.8, 10.4, 0.12387
5.2388, 51.95, 10.4, 0.11982
5.2888, 53.1, 10.45, 0.14758
5.2889, 53.05, 10.45, 0.14651
5.2898, 53, 10.45, 0.14501
5.2906, 52.95, 10.45, 0.14438
5.2911, 52.9, 10.45, 0.14418
5.2919, 52.85, 10.45, 0.14224
5.2927, 52.8, 10.45, 0.14118
5.293, 52.75, 10.45, 0.14096
5.2938, 52.7, 10.45, 0.13861
5.2941, 52.65, 10.45, 0.1384
5.2948, 52.6, 10.45, 0.13645
5.2951, 52.55, 10.45, 0.13578
5.2958, 52.5, 10.45, 0.13383
5.2961, 52.45, 10.45, 0.13362
5.2963, 52.4, 10.45, 0.13296
5.2969, 52.35, 10.45, 0.13101
5.2971, 52.3, 10.45, 0.13034
5.2973, 52.25, 10.45, 0.12928
5.2978, 52.2, 10.45, 0.1273
5.298, 52.15, 10.45, 0.12664
5.2981, 52.1, 10.45, 0.12557
5.2982, 52, 10.45, 0.12334
5.2987, 51.85, 10.45, 0.12004
5.3488, 52.95, 10.5, 0.14619
5.3496, 52.9, 10.5, 0.146
5.35, 52.85, 10.5, 0.14492
5.3509, 52.8, 10.5, 0.14385
5.3517, 52.75, 10.5, 0.14277
5.3521, 52.7, 10.5, 0.1417
5.3529, 52.65, 10.5, 0.14061
5.354, 52.55, 10.5, 0.13803
5.3543, 52.5, 10.5, 0.13695
5.3551, 52.45, 10.5, 0.13541
5.3553, 52.4, 10.5, 0.13519
5.3556, 52.35, 10.5, 0.13367
5.3563, 52.3, 10.5, 0.13303
5.3565, 52.25, 10.5, 0.13194
5.3567, 52.2, 10.5, 0.12996
5.3573, 52.15, 10.5, 0.1293
5.3575, 52.1, 10.5, 0.12821
5.3576, 52.05, 10.5, 0.1271
5.3577, 52, 10.5, 0.12601
5.3578, 51.95, 10.5, 0.12446
5.3583, 51.9, 10.5, 0.12336
5.3584, 51.8, 10.5, 0.12113
5.3585, 51.7, 10.5, 0.11964
5.4085, 52.85, 10.55, 0.14726
5.4092, 52.8, 10.55, 0.14617
5.4096, 52.75, 10.55, 0.14466
5.4105, 52.7, 10.55, 0.14359
5.4109, 52.65, 10.55, 0.14208
5.4118, 52.6, 10.55, 0.14143
5.4122, 52.55, 10.55, 0.14036
5.413, 52.5, 10.55, 0.13927
5.4133, 52.45, 10.55, 0.13817
5.4141, 52.4, 10.55, 0.13709
5.4144, 52.35, 10.55, 0.13644
5.4151, 52.3, 10.55, 0.13491
5.4154, 52.25, 10.55, 0.13336
5.4156, 52.2, 10.55, 0.13315
5.4163, 52.15, 10.55, 0.13161
5.4165, 52.1, 10.55, 0.13052
5.4167, 52.05, 10.55, 0.12943
5.4169, 52, 10.55, 0.12832
5.4175, 51.95, 10.55, 0.1272
5.4176, 51.9, 10.55, 0.12566
5.4177, 51.85, 10.55, 0.12455
5.4178, 51.8, 10.55, 0.12345
5.4179, 51.7, 10.55, 0.12121
5.418, 51.55, 10.55, 0.12084
5.468, 52.75, 10.6, 0.14742
5.4686, 52.7, 10.6, 0.14591
5.4691, 52.65, 10.6, 0.14526
5.47, 52.6, 10.6, 0.14418
5.4708, 52.55, 10.6, 0.14309
5.4712, 52.5, 10.6, 0.14158
5.4721, 52.45, 10.6, 0.14049
5.4725, 52.4, 10.6, 0.13941
5.4733, 52.35, 10.6, 0.13832
5.4736, 52.3, 10.6, 0.13765
5.4739, 52.25, 10.6, 0.1361
5.4747, 52.2, 10.6, 0.13501
5.4749, 52.15, 10.6, 0.13392
5.4752, 52.1, 10.6, 0.13282
5.4761, 52, 10.6, 0.13061
5.4763, 51.95, 10.6, 0.12951
5.4765, 51.9, 10.6, 0.12794
5.4771, 51.85, 10.6, 0.12684
5.4773, 51.8, 10.6, 0.12573
5.4774, 51.75, 10.6, 0.12506
5.4775, 51.7, 10.6, 0.12349
5.4776, 51.65, 10.6, 0.12283
5.4777, 51.5, 10.6, 0.11939
5.5277, 51.4, 10.6, 0.12207
5.5278, 52.65, 10.65, 0.14757
5.5282, 52.6, 10.65, 0.14604
5.5287, 52.55, 10.65, 0.14452
5.5296, 52.5, 10.65, 0.14388
5.5301, 52.45, 10.65, 0.14235
5.5309, 52.4, 10.65, 0.1417
5.5314, 52.35, 10.65, 0.14017
5.5322, 52.3, 10.65, 0.1395
5.5326, 52.25, 10.65, 0.13842
5.5329, 52.2, 10.65, 0.13686
5.5343, 52.05, 10.65, 0.13399
5.535, 52, 10.65, 0.1329
5.5353, 51.95, 10.65, 0.13135
5.5355, 51.9, 10.65, 0.13067
5.5357, 51.85, 10.65, 0.12911
5.5364, 51.8, 10.65, 0.128
5.5366, 51.75, 10.65, 0.1269
5.5367, 51.7, 10.65, 0.12577
5.5369, 51.65, 10.65, 0.12466
5.537, 51.6, 10.65, 0.12309
5.5371, 51.55, 10.65, 0.12286
5.5372, 51.45, 10.65, 0.12015
5.5373, 51.4, 10.65, 0.11928
5.5873, 52.55, 10.7, 0.14691
5.5877, 52.5, 10.7, 0.14582
5.5882, 52.45, 10.7, 0.1456
5.5891, 52.4, 10.7, 0.14363
5.5896, 52.35, 10.7, 0.14297
5.5904, 52.3, 10.7, 0.14099
5.5909, 52.25, 10.7, 0.14077
5.5917, 52.2, 10.7, 0.13879
5.5921, 52.15, 10.7, 0.1377
5.5925, 52.1, 10.7, 0.13747
5.5933, 52.05, 10.7, 0.13549
5.5936, 52, 10.7, 0.13481
5.5942, 51.9, 10.7, 0.13302
5.5949, 51.85, 10.7, 0.1306
5.5951, 51.8, 10.7, 0.13037
5.5954, 51.75, 10.7, 0.12971
5.5956, 51.7, 10.7, 0.12812
5.5958, 51.65, 10.7, 0.127
5.596, 51.6, 10.7, 0.12588
5.5965, 51.35, 10.7, 0.1198
5.5966, 51.3, 10.7, 0.11881
5.6466, 51.4, 10.7, 0.12002
5.6469, 52.4, 10.75, 0.1458
5.6478, 52.35, 10.75, 0.14471
5.6483, 52.3, 10.75, 0.14361
5.6493, 52.25, 10.75, 0.14251
5.6497, 52.2, 10.75, 0.1414
5.651, 52.1, 10.75, 0.13964
5.6514, 52.05, 10.75, 0.1381
5.6522, 52, 10.75, 0.13654
5.6526, 51.95, 10.75, 0.13587
5.6529, 51.9, 10.75, 0.1352
5.6533, 51.85, 10.75, 0.13365
5.654, 51.8, 10.75, 0.13252
5.6543, 51.75, 10.75, 0.13141
5.6546, 51.7, 10.75, 0.13073
5.655, 51.6, 10.75, 0.12805
5.6552, 51.55, 10.75, 0.12692
5.6554, 51.5, 10.75, 0.12579
5.6556, 51.45, 10.75, 0.12421
5.6557, 51.4, 10.75, 0.12307
5.6559, 51.35, 10.75, 0.12241
5.656, 51.25, 10.75, 0.12014
5.6561, 51.2, 10.75, 0.11911
5.7061, 51.15, 10.75, 0.12002
5.7062, 52.35, 10.8, 0.14698
5.7063, 52.3, 10.8, 0.14588
5.7069, 52.25, 10.8, 0.14478
5.7078, 52.2, 10.8, 0.14368
5.7083, 52.15, 10.8, 0.14256
5.7092, 52.1, 10.8, 0.14101
5.7097, 52.05, 10.8, 0.14034
5.7101, 52, 10.8, 0.13923
5.7109, 51.95, 10.8, 0.13813
5.7113, 51.9, 10.8, 0.13746
5.7117, 51.85, 10.8, 0.13588
5.7125, 51.8, 10.8, 0.13433
5.7128, 51.75, 10.8, 0.13365
5.7132, 51.7, 10.8, 0.13253
5.7135, 51.65, 10.8, 0.13141
5.7137, 51.6, 10.8, 0.13027
5.7144, 51.55, 10.8, 0.12915
5.7147, 51.5, 10.8, 0.12758
5.7149, 51.45, 10.8, 0.12689
5.7151, 51.4, 10.8, 0.12531
5.7153, 51.15, 10.8, 0.11961
5.7154, 51.1, 10.8, 0.11858
5.7654, 51.05, 10.8, 0.11995
5.7655, 51.2, 10.8, 0.12076
5.7657, 52.2, 10.85, 0.14548
5.7665, 52.15, 10.85, 0.14437
5.767, 52.1, 10.85, 0.14327
5.7676, 52.05, 10.85, 0.14258
5.7685, 52, 10.85, 0.14191
5.7698, 51.9, 10.85, 0.13879
5.7703, 51.85, 10.85, 0.13812
5.7707, 51.8, 10.85, 0.13656
5.771, 51.75, 10.85, 0.13589
5.7719, 51.7, 10.85, 0.13476
5.7722, 51.65, 10.85, 0.13363
5.7725, 51.6, 10.85, 0.13252
5.7728, 51.55, 10.85, 0.13092
5.7731, 51.5, 10.85, 0.1298
5.7734, 51.45, 10.85, 0.12867
5.7736, 51.4, 10.85, 0.12754
5.7739, 51.35, 10.85, 0.12594
5.7741, 51.3, 10.85, 0.12572
5.7743, 51.25, 10.85, 0.12412
5.7744, 51.2, 10.85, 0.12251
5.7746, 50.9, 10.85, 0.12169
5.7747, 51.1, 10.85, 0.12069
5.7748, 51.05, 10.85, 0.11953
5.7749, 51, 10.85, 0.11852
5.7871, 51.05, 10.85, 0.11953
5.7873, 51, 10.85, 0.11852
5.8249, 50.95, 10.85, 0.11988
5.825, 52.1, 10.9, 0.14549
5.8255, 52.05, 10.9, 0.14438
5.8265, 52, 10.9, 0.14327
5.827, 51.95, 10.9, 0.14214
5.8275, 51.9, 10.9, 0.14103
5.8284, 51.85, 10.9, 0.14035
5.8289, 51.8, 10.9, 0.13878
5.8293, 51.75, 10.9, 0.13811
5.8302, 51.7, 10.9, 0.13653
5.8306, 51.65, 10.9, 0.1354
5.831, 51.6, 10.9, 0.13427
5.8317, 51.5, 10.9, 0.13245
5.832, 51.45, 10.9, 0.13134
5.8323, 51.4, 10.9, 0.12975
5.8326, 51.35, 10.9, 0.12905
5.8333, 51.2, 10.9, 0.12518
5.8335, 51.15, 10.9, 0.12403
5.8337, 51.1, 10.9, 0.12289
5.8338, 51.05, 10.9, 0.12174
5.8339, 50.8, 10.9, 0.12166
5.834, 51, 10.9, 0.12013
5.8341, 50.95, 10.9, 0.11943
5.8342, 50.9, 10.9, 0.11848
5.8842, 50.85, 10.9, 0.12029
5.8843, 52, 10.95, 0.14556
5.8847, 51.95, 10.95, 0.14445
5.8857, 51.9, 10.95, 0.14198
5.8868, 51.8, 10.95, 0.14107
5.8877, 51.75, 10.95, 0.13905
5.8882, 51.7, 10.95, 0.13885
5.8886, 51.65, 10.95, 0.1377
5.8891, 51.6, 10.95, 0.13657
5.8903, 51.5, 10.95, 0.13386
5.8907, 51.45, 10.95, 0.13317
5.891, 51.4, 10.95, 0.13157
5.8914, 51.35, 10.95, 0.13088
5.8917, 51.3, 10.95, 0.12928
5.8922, 51.2, 10.95, 0.12699
5.8925, 51.15, 10.95, 0.12587
5.8927, 51.1, 10.95, 0.1247
5.8929, 51.05, 10.95, 0.12354
5.893, 50.65, 10.95, 0.12353
5.8931, 50.85, 10.95, 0.11847
5.8932, 50.8, 10.95, 0.11807
5.9432, 50.75, 10.95, 0.11988
5.9433, 50.7, 10.95, 0.12124
5.9434, 51.9, 11, 0.14545
5.9442, 51.85, 11, 0.14387
5.9447, 51.8, 11, 0.14275
5.9453, 51.75, 11, 0.14206
5.9462, 51.7, 11, 0.14095
5.9467, 51.65, 11, 0.13982
5.9472, 51.6, 11, 0.13823
5.9477, 51.55, 11, 0.13754
5.949, 51.45, 11, 0.13482
5.9494, 51.4, 11, 0.13413
5.9498, 51.35, 11, 0.13254
5.9501, 51.3, 11, 0.13141
5.9505, 51.25, 11, 0.13069
5.9508, 51.2, 11, 0.12957
5.9511, 51.15, 11, 0.1284
5.9514, 51.1, 11, 0.12726
5.9516, 51.05, 11, 0.1261
5.9519, 51, 11, 0.12404
5.952, 50.85, 11, 0.12103
5.9522, 50.8, 11, 0.11986
5.9523, 50.75, 11, 0.11915
5.9525, 50.7, 11, 0.11841
6.0025, 50.65, 11, 0.12025
6.0026, 51.8, 11.05, 0.14496
6.0039, 51.7, 11.05, 0.14267
6.0045, 51.65, 11.05, 0.14155
6.005, 51.6, 11.05, 0.14042
6.006, 51.55, 11.05, 0.14017
6.0064, 51.5, 11.05, 0.13813
6.0069, 51.45, 11.05, 0.137
6.0074, 51.4, 11.05, 0.13632
6.0078, 51.35, 11.05, 0.13471
6.0082, 51.3, 11.05, 0.13358
6.0091, 51.25, 11.05, 0.13241
6.0094, 51.2, 11.05, 0.13128
6.0101, 51.1, 11.05, 0.12943
6.0103, 51, 11.05, 0.1262
6.0105, 50.95, 11.05, 0.1255
6.0108, 50.9, 11.05, 0.12389
6.0111, 50.7, 11.05, 0.11969
6.0114, 50.6, 11.05, 0.11887
6.0614, 50.55, 11.05, 0.12069
6.0615, 51.75, 11.1, 0.14601
6.0617, 51.7, 11.1, 0.14487
6.0623, 51.65, 11.1, 0.14328
6.0629, 51.6, 11.1, 0.14304
6.0639, 51.55, 11.1, 0.14146
6.0644, 51.5, 11.1, 0.14033
6.0649, 51.45, 11.1, 0.13917
6.0654, 51.4, 11.1, 0.13803
6.0664, 51.3, 11.1, 0.13619
6.0668, 51.25, 11.1, 0.1346
6.0672, 51.2, 11.1, 0.13343
6.0681, 51.15, 11.1, 0.13229
6.0685, 51.1, 11.1, 0.13068
6.0687, 51, 11.1, 0.12927
6.0694, 50.9, 11.1, 0.12696
6.0696, 50.85, 11.1, 0.12533
6.0699, 50.8, 11.1, 0.12417
6.07, 50.35, 11.1, 0.12346
6.0701, 50.65, 11.1, 0.12067
6.0703, 50.6, 11.1, 0.11949
6.0706, 50.5, 11.1, 0.11931
6.1206, 51.65, 11.15, 0.14546
6.1208, 51.6, 11.15, 0.14476
6.1214, 51.55, 11.15, 0.14317
6.122, 51.5, 11.15, 0.14203
6.1226, 51.45, 11.15, 0.14089
6.1241, 51.35, 11.15, 0.13859
6.1246, 51.3, 11.15, 0.13835
6.1251, 51.25, 11.15, 0.13674
6.1256, 51.2, 11.15, 0.1356
6.126, 51.15, 11.15, 0.13398
6.1265, 51.1, 11.15, 0.13283
6.1269, 51.05, 11.15, 0.13166
6.1276, 50.95, 11.15, 0.1298
6.128, 50.9, 11.15, 0.12818
6.1283, 50.85, 11.15, 0.12748
6.1285, 50.75, 11.15, 0.12422
6.1287, 50.7, 11.15, 0.12352
6.1289, 50.25, 11.15, 0.12345
6.129, 50.55, 11.15, 0.12
6.1292, 50.5, 11.15, 0.11835
6.1293, 50.45, 11.15, 0.1181
6.1794, 50.4, 11.15, 0.11886
6.1795, 51.55, 11.2, 0.14495
6.1797, 51.5, 11.2, 0.14379
6.1809, 51.4, 11.2, 0.14243
6.1815, 51.35, 11.2, 0.14126
6.1825, 51.3, 11.2, 0.13921
6.183, 51.25, 11.2, 0.13807
6.1835, 51.2, 11.2, 0.13689
6.184, 51.15, 11.2, 0.13574
6.1845, 51.1, 11.2, 0.13459
6.185, 51.05, 11.2, 0.13345
6.1854, 51, 11.2, 0.13225
6.1859, 50.95, 11.2, 0.13111
6.1863, 50.9, 11.2, 0.12993
6.1866, 50.85, 11.2, 0.12831
6.1869, 50.75, 11.2, 0.12736
6.1872, 50.7, 11.2, 0.12572
6.1875, 50.65, 11.2, 0.12454
6.1878, 50.5, 11.2, 0.12102
6.188, 50.35, 11.2, 0.11805
6.1882, 50.4, 11.2, 0.11771
6.2383, 51.45, 11.25, 0.14519
6.2387, 51.4, 11.25, 0.14404
6.2393, 51.35, 11.25, 0.1429
6.24, 51.3, 11.25, 0.14173
6.2405, 51.25, 11.25, 0.14012
6.2411, 51.2, 11.25, 0.13942
6.2422, 51.1, 11.25, 0.13666
6.2427, 51.05, 11.25, 0.13548
6.2432, 51, 11.25, 0.13433
6.2437, 50.95, 11.25, 0.13314
6.2441, 50.9, 11.25, 0.13199
6.2446, 50.85, 11.25, 0.13082
6.245, 50.8, 11.25, 0.13012
6.2454, 50.75, 11.25, 0.12895
6.2457, 50.7, 11.25, 0.12777
6.2461, 50.65, 11.25, 0.12658
6.2463, 50.55, 11.25, 0.12377
6.2466, 50.15, 11.25, 0.12076
6.2468, 50.25, 11.25, 0.11752
6.2968, 50.3, 11.25, 0.11832
6.2971, 51.35, 11.3, 0.14457
6.2975, 51.3, 11.3, 0.14341
6.2981, 51.25, 11.3, 0.1418
6.2988, 51.2, 11.3, 0.14155
6.2994, 51.15, 11.3, 0.14041
6.2999, 51.1, 11.3, 0.13922
6.3005, 51.05, 11.3, 0.13807
6.301, 51, 11.3, 0.13689
6.3016, 50.95, 11.3, 0.13573
6.3021, 50.9, 11.3, 0.13457
6.3026, 50.85, 11.3, 0.13341
6.303, 50.8, 11.3, 0.13224
6.3035, 50.75, 11.3, 0.1306
6.3039, 50.7, 11.3, 0.12941
6.3043, 50.65, 11.3, 0.12823
6.3045, 50.55, 11.3, 0.12587
6.3049, 50.5, 11.3, 0.12516
6.3052, 50.45, 11.3, 0.1235
6.3053, 50.25, 11.3, 0.11875
6.3056, 50.2, 11.3, 0.11755
6.3556, 50.15, 11.3, 0.1185
6.3558, 51.25, 11.35, 0.14392
6.3565, 51.2, 11.35, 0.14367
6.3571, 51.15, 11.35, 0.14205
6.3578, 51.1, 11.35, 0.14089
6.3584, 51.05, 11.35, 0.14019
6.359, 51, 11.35, 0.13856
6.3595, 50.95, 11.35, 0.13739
6.3601, 50.9, 11.35, 0.13622
6.3606, 50.85, 11.35, 0.13503
6.3611, 50.8, 11.35, 0.13433
6.3616, 50.7, 11.35, 0.1315
6.3621, 50.65, 11.35, 0.12988
6.3625, 50.6, 11.35, 0.12869
6.3629, 50.55, 11.35, 0.12797
6.3632, 50.45, 11.35, 0.12562
6.3637, 49.85, 11.35, 0.1246
6.3639, 49.95, 11.35, 0.1218
6.364, 50.15, 11.35, 0.11798
6.3643, 50.1, 11.35, 0.11761
6.4143, 50.05, 11.35, 0.119
6.4145, 51.15, 11.4, 0.14372
6.4152, 51.1, 11.4, 0.14254
6.4158, 51.05, 11.4, 0.14138
6.4165, 51, 11.4, 0.13976
6.4171, 50.95, 11.4, 0.13904
6.4177, 50.9, 11.4, 0.13785
6.4183, 50.85, 11.4, 0.13668
6.4188, 50.8, 11.4, 0.1355
6.4194, 50.75, 11.4, 0.13433
6.4199, 50.65, 11.4, 0.13242
6.4204, 50.6, 11.4, 0.13125
6.4209, 50.55, 11.4, 0.13007
6.4213, 50.5, 11.4, 0.12887
6.4217, 50.4, 11.4, 0.12651
6.422, 50.35, 11.4, 0.1253
6.4223, 50.25, 11.4, 0.12293
6.4226, 49.9, 11.4, 0.12046
6.4227, 50.1, 11.4, 0.11887
6.4229, 50.05, 11.4, 0.11766
6.4729, 39.8, 12.05, 0.14366
6.4736, 51, 11.45, 0.14281
6.4749, 50.9, 11.45, 0.14047
6.4755, 50.85, 11.45, 0.13978
6.4762, 50.8, 11.45, 0.13814
6.4767, 50.75, 11.45, 0.13693
6.4773, 50.7, 11.45, 0.13485
6.4779, 50.65, 11.45, 0.13365
6.4784, 50.6, 11.45, 0.13246
6.4789, 50.55, 11.45, 0.13128
6.4794, 50.45, 11.45, 0.12983
6.4798, 50.4, 11.45, 0.12817
6.4802, 50.35, 11.45, 0.12653
6.4806, 50.25, 11.45, 0.12411
6.4808, 50.15, 11.45, 0.12265
6.4809, 49.75, 11.45, 0.12249
6.4811, 50.1, 11.45, 0.12051
6.4812, 50, 11.45, 0.11808
6.5313, 49.85, 11.45, 0.11873
6.5315, 39.8, 12.1, 0.14261
6.5327, 50.9, 11.5, 0.14204
6.5333, 50.85, 11.5, 0.14086
6.534, 50.8, 11.5, 0.13922
6.5346, 50.75, 11.5, 0.1385
6.5348, 50.7, 11.5, 0.13685
6.5354, 50.65, 11.5, 0.13614
6.536, 50.6, 11.5, 0.13495
6.5365, 50.55, 11.5, 0.13328
6.5371, 50.5, 11.5, 0.13257
6.5376, 50.4, 11.5, 0.13017
6.5381, 50.35, 11.5, 0.12852
6.5385, 50.25, 11.5, 0.12658
6.5389, 50.2, 11.5, 0.12538
6.5391, 49.55, 11.5, 0.12532
6.5393, 50.15, 11.5, 0.12465
6.5394, 50, 11.5, 0.1201
6.5396, 49.8, 11.5, 0.11826
6.54, 49.9, 11.5, 0.11768
6.59, 39.3, 12.2, 0.14206
6.591, 50.8, 11.55, 0.14128
6.5917, 50.75, 11.55, 0.14012
6.5923, 50.7, 11.55, 0.13891
6.593, 50.65, 11.55, 0.13775
6.5936, 50.6, 11.55, 0.13655
6.5942, 50.55, 11.55, 0.13535
6.5948, 50.5, 11.55, 0.13417
6.5949, 50.45, 11.55, 0.13298
6.5954, 50.4, 11.55, 0.13224
6.596, 50.35, 11.55, 0.13057
6.5965, 50.25, 11.55, 0.12865
6.5969, 50.2, 11.55, 0.12697
6.5973, 50.1, 11.55, 0.12502
6.5976, 50, 11.55, 0.12262
6.5978, 49.9, 11.55, 0.11971
6.598, 49.8, 11.55, 0.11775
6.5983, 49.75, 11.55, 0.11695
6.6483, 39.55, 12.2, 0.1404
6.6502, 50.65, 11.6, 0.13934
6.6508, 50.6, 11.6, 0.1386
6.6515, 50.55, 11.6, 0.13696
6.6521, 50.5, 11.6, 0.13576
6.6527, 50.45, 11.6, 0.13502
6.6533, 50.4, 11.6, 0.13383
6.6534, 50.35, 11.6, 0.13215
6.654, 50.3, 11.6, 0.13095
6.6545, 50.2, 11.6, 0.12903
6.6554, 49.3, 11.6, 0.12745
6.6555, 50.05, 11.6, 0.12492
6.6558, 49.95, 11.6, 0.12251
6.6561, 49.85, 11.6, 0.12007
6.6563, 49.75, 11.6, 0.11763
6.6564, 49.65, 11.6, 0.11754
6.6566, 49.7, 11.6, 0.11734
6.7066, 49.6, 11.6, 0.11941
6.7067, 39.8, 12.2, 0.13996
6.7088, 50.55, 11.65, 0.13946
6.7095, 50.5, 11.65, 0.13734
6.7102, 50.45, 11.65, 0.13661
6.7103, 50.4, 11.65, 0.13541
6.711, 50.35, 11.65, 0.13466
6.7116, 50.3, 11.65, 0.13253
6.7122, 50.2, 11.65, 0.13106
6.7128, 50.15, 11.65, 0.12984
6.7133, 50.05, 11.65, 0.12742
6.7138, 49.95, 11.65, 0.12499
6.7141, 49.85, 11.65, 0.1221
6.7144, 49.75, 11.65, 0.1201
6.7146, 49.65, 11.65, 0.11767
6.7149, 49.6, 11.65, 0.11621
6.7649, 39.55, 12.3, 0.14002
6.7665, 50.5, 11.7, 0.13943
6.7672, 50.45, 11.7, 0.13822
6.7679, 50.4, 11.7, 0.13702
6.7685, 50.35, 11.7, 0.13584
6.7687, 50.3, 11.7, 0.13555
6.7694, 50.25, 11.7, 0.1334
6.77, 50.2, 11.7, 0.13219
6.7705, 50.15, 11.7, 0.13101
6.7706, 50.1, 11.7, 0.12977
6.7712, 50, 11.7, 0.12829
6.7717, 49.95, 11.7, 0.12614
6.7722, 49.85, 11.7, 0.12368
6.7725, 49.7, 11.7, 0.12096
6.7727, 49.45, 11.7, 0.11923
6.7728, 49.6, 11.7, 0.1185
6.7729, 49.5, 11.7, 0.11685
6.7731, 49.55, 11.7, 0.11591
6.8231, 39.8, 12.3, 0.13899
6.8257, 50.35, 11.75, 0.13781
6.8264, 50.3, 11.75, 0.13659
6.8266, 50.25, 11.75, 0.13584
6.8273, 50.2, 11.75, 0.13464
6.8279, 50.15, 11.75, 0.13249
6.828, 50.1, 11.75, 0.13174
6.8286, 50.05, 11.75, 0.13053
6.8292, 50, 11.75, 0.1293
6.8293, 49.95, 11.75, 0.12808
6.8298, 49.9, 11.75, 0.12639
6.8303, 49.75, 11.75, 0.12318
6.8307, 49.3, 11.75, 0.12071
6.8309, 49.35, 11.75, 0.1193
6.831, 49.55, 11.75, 0.11827
6.8311, 49.4, 11.75, 0.11787
6.8312, 49.45, 11.75, 0.11627
6.8813, 39.8, 12.35, 0.1373
6.8839, 50.25, 11.8, 0.13692
6.8846, 50.2, 11.8, 0.1362
6.8849, 50.15, 11.8, 0.13497
6.8855, 50.1, 11.8, 0.13375
6.8862, 50.05, 11.8, 0.13208
6.8863, 50, 11.8, 0.13084
6.8869, 49.95, 11.8, 0.12962
6.8876, 49.85, 11.8, 0.12717
6.888, 49, 11.8, 0.12711
6.8881, 49.75, 11.8, 0.12471
6.8886, 49.6, 11.8, 0.12149
6.8887, 49.25, 11.8, 0.11943
6.8889, 49.45, 11.8, 0.11779
6.8891, 49.35, 11.8, 0.11705
6.8892, 49.4, 11.8, 0.11606
6.9392, 39.3, 12.45, 0.13788
6.9416, 50.2, 11.85, 0.13772
6.9423, 50.15, 11.85, 0.13652
6.9426, 50.1, 11.85, 0.1353
6.9433, 50.05, 11.85, 0.13408
6.9439, 50, 11.85, 0.13333
6.9441, 49.95, 11.85, 0.13163
6.9447, 49.9, 11.85, 0.13087
6.9448, 49.85, 11.85, 0.12917
6.9454, 49.8, 11.85, 0.12794
6.9455, 49.75, 11.85, 0.12671
6.946, 49.7, 11.85, 0.12597
6.9461, 49.65, 11.85, 0.12423
6.9466, 49.5, 11.85, 0.12051
6.9468, 49.35, 11.85, 0.1168
6.9472, 49.3, 11.85, 0.11624
6.9972, 39.55, 12.45, 0.13622
7.0004, 50.05, 11.9, 0.13607
7.0011, 50, 11.9, 0.13438
7.0013, 49.95, 11.9, 0.13361
7.0022, 49.85, 11.9, 0.13116
7.0028, 49.8, 11.9, 0.12945
7.0029, 49.75, 11.9, 0.1287
7.0035, 49.7, 11.9, 0.12698
7.0036, 49.65, 11.9, 0.12623
7.0042, 49.5, 11.9, 0.12298
7.0046, 49.35, 11.9, 0.11878
7.0047, 49.15, 11.9, 0.1183
7.0049, 49.2, 11.9, 0.11687
7.0549, 49.3, 11.9, 0.11705
7.0551, 39.8, 12.45, 0.13582
7.0586, 49.95, 11.95, 0.13519
7.0589, 49.9, 11.95, 0.13488
7.0596, 49.85, 11.95, 0.13271
7.0598, 49.8, 11.95, 0.13245
7.0604, 49.75, 11.95, 0.13024
7.0606, 49.7, 11.95, 0.12995
7.0612, 49.65, 11.95, 0.12776
7.0613, 49.6, 11.95, 0.12748
7.0618, 48.75, 11.95, 0.12723
7.0619, 49.5, 11.95, 0.12357
7.062, 49.45, 11.95, 0.12327
7.0625, 49.3, 11.95, 0.12001
7.0626, 49.05, 11.95, 0.1195
7.0627, 49.1, 11.95, 0.11806
7.0628, 49.15, 11.95, 0.11528
7.1128, 49.2, 11.95, 0.11608
7.1129, 39.8, 12.5, 0.13528
7.1175, 49.75, 12, 0.1317
7.1181, 49.7, 12, 0.13092
7.1183, 49.65, 12, 0.12968
7.119, 49.6, 12, 0.12844
7.1191, 49.55, 12, 0.12721
7.1192, 49.5, 12, 0.12596
7.1198, 48.75, 12, 0.12495
7.1199, 49.35, 12, 0.12172
7.1204, 49.15, 12, 0.11718
7.1208, 49.1, 12, 0.11593
7.1708, 39.8, 12.55, 0.13481
7.1746, 49.75, 12.05, 0.13367
7.1748, 49.7, 12.05, 0.13242
7.1757, 49.6, 12.05, 0.12993
7.1766, 49.5, 12.05, 0.12792
7.1772, 49.45, 12.05, 0.1262
7.1773, 49.4, 12.05, 0.12446
7.1774, 49.35, 12.05, 0.12415
7.1775, 49.3, 12.05, 0.12242
7.178, 49.1, 12.05, 0.11739
7.1784, 49, 12.05, 0.11547
7.2285, 39.8, 12.6, 0.13371
7.2323, 49.65, 12.1, 0.13314
7.2332, 49.55, 12.1, 0.13015
7.2339, 49.5, 12.1, 0.12938
7.2341, 49.45, 12.1, 0.12766
7.2343, 49.4, 12.1, 0.12641
7.2349, 49.35, 12.1, 0.12563
7.235, 49.3, 12.1, 0.12438
7.2351, 49.25, 12.1, 0.12261
7.2357, 48.9, 12.1, 0.11661
7.2358, 49, 12.1, 0.11631
7.2858, 48.85, 12.1, 0.11759
7.2861, 39.8, 12.65, 0.13322
7.2901, 49.55, 12.15, 0.13211
7.2909, 49.5, 12.15, 0.13134
7.2913, 49.4, 12.15, 0.12834
7.292, 49.35, 12.15, 0.1271
7.2923, 49.25, 12.15, 0.12504
7.2929, 49.2, 12.15, 0.12281
7.293, 49.15, 12.15, 0.12204
7.2931, 49.1, 12.15, 0.12126
7.2932, 49, 12.15, 0.11823
7.2936, 48.8, 12.15, 0.11731
7.2937, 48.85, 12.15, 0.11533
7.3437, 39.55, 12.7, 0.1332
7.3479, 49.5, 12.2, 0.13186
7.3481, 49.45, 12.2, 0.13061
7.3484, 49.4, 12.2, 0.13031
7.3491, 49.35, 12.2, 0.1281
7.3493, 49.3, 12.2, 0.12732
7.3495, 49.25, 12.2, 0.12654
7.3497, 49.2, 12.2, 0.12527
7.3503, 49.15, 12.2, 0.12306
7.3504, 48.55, 12.2, 0.12243
7.3505, 49.1, 12.2, 0.12225
7.3506, 49.05, 12.2, 0.1205
7.3507, 48.95, 12.2, 0.11941
7.3508, 48.85, 12.2, 0.11687
7.3512, 48.75, 12.2, 0.1156
7.3513, 48.8, 12.2, 0.11461
7.4013, 39.55, 12.75, 0.13326
7.4021, 39.3, 12.8, 0.13316
7.4047, 49.45, 12.25, 0.13299
7.4055, 49.4, 12.25, 0.13221
7.4058, 49.35, 12.25, 0.12998
7.4061, 49.3, 12.25, 0.12873
7.4068, 49.25, 12.25, 0.12842
7.407, 49.2, 12.25, 0.12715
7.4071, 48.3, 12.25, 0.12707
7.4072, 49.15, 12.25, 0.12492
7.4074, 49.1, 12.25, 0.12365
7.4075, 49.05, 12.25, 0.12286
7.4081, 49, 12.25, 0.12158
7.4082, 48.95, 12.25, 0.12078
7.4083, 48.9, 12.25, 0.11952
7.4084, 48.8, 12.25, 0.11647
7.4085, 48.7, 12.25, 0.11528
7.4585, 39.8, 12.75, 0.13163
7.4635, 48.1, 12.3, 0.13128
7.4636, 49.25, 12.3, 0.12889
7.4639, 49.2, 12.3, 0.12859
7.4641, 49.15, 12.3, 0.12731
7.4643, 49.1, 12.3, 0.12556
7.4645, 49.05, 12.3, 0.12476
7.4649, 48.35, 12.3, 0.12386
7.4652, 49, 12.3, 0.12302
7.4653, 48.95, 12.3, 0.12124
7.4655, 48.9, 12.3, 0.12093
7.4656, 48.85, 12.3, 0.11916
7.4657, 48.75, 12.3, 0.11709
7.4658, 48.6, 12.3, 0.11649
7.5158, 39.55, 12.85, 0.13164
7.52, 49.25, 12.35, 0.13128
7.5208, 49.2, 12.35, 0.13001
7.521, 49.15, 12.35, 0.12825
7.5213, 49.1, 12.35, 0.12746
7.5216, 49.05, 12.35, 0.12668
7.5218, 49, 12.35, 0.12441
7.522, 48.95, 12.35, 0.12363
7.5225, 48.3, 12.35, 0.12313
7.5226, 48.35, 12.35, 0.12214
7.5227, 48.4, 12.35, 0.12017
7.5229, 48.8, 12.35, 0.11977
7.523, 48.75, 12.35, 0.11848
7.5231, 48.7, 12.35, 0.1172
7.5232, 48.6, 12.35, 0.11462
7.5732, 48.5, 12.35, 0.1172
7.5733, 39.8, 12.85, 0.13063
7.5775, 49.15, 12.4, 0.13016
7.5779, 49.1, 12.4, 0.12839
7.5786, 49.05, 12.4, 0.12808
7.5789, 49, 12.4, 0.12681
7.5794, 48.9, 12.4, 0.12376
7.5796, 48.85, 12.4, 0.12247
7.5797, 48.8, 12.4, 0.12117
7.5798, 48.3, 12.4, 0.12043
7.5799, 48.75, 12.4, 0.11989
7.58, 48.7, 12.4, 0.11859
7.5801, 48.65, 12.4, 0.11732
7.5802, 48.6, 12.4, 0.11601
7.5803, 48.55, 12.4, 0.11472
7.6303, 48.4, 12.4, 0.11844
7.6304, 39.8, 12.9, 0.13013
7.6353, 49.05, 12.45, 0.12855
7.6356, 49, 12.45, 0.12728
7.6359, 48.95, 12.45, 0.12697
7.6361, 48.9, 12.45, 0.12566
7.6364, 48.85, 12.45, 0.1244
7.6366, 48.8, 12.45, 0.1231
7.6368, 48.75, 12.45, 0.12183
7.637, 48.7, 12.45, 0.12052
7.6371, 48.3, 12.45, 0.11873
7.6373, 48.6, 12.45, 0.11793
7.6374, 48.55, 12.45, 0.11663
7.6375, 48.45, 12.45, 0.11452
7.6875, 48.4, 12.45, 0.11626
7.6876, 39.8, 12.95, 0.12844
7.6926, 48.95, 12.5, 0.12831
7.6929, 48.9, 12.5, 0.12704
7.6932, 48.85, 12.5, 0.12577
7.6935, 48.8, 12.5, 0.12446
7.6938, 48.05, 12.5, 0.12394
7.6939, 48.7, 12.5, 0.12187
7.6941, 48.65, 12.5, 0.12057
7.6943, 48.6, 12.5, 0.11928
7.6944, 48.35, 12.5, 0.1155
7.6947, 48.45, 12.5, 0.11536
7.6948, 48.4, 12.5, 0.11454
7.7448, 39.8, 13, 0.12911
7.7493, 48.9, 12.55, 0.12842
7.7496, 48.85, 12.55, 0.12713
7.7499, 48.8, 12.55, 0.12582
7.7502, 48.75, 12.55, 0.12454
7.7505, 48.7, 12.55, 0.12373
7.7507, 48.65, 12.55, 0.12194
7.7509, 48.6, 12.55, 0.12113
7.7511, 48.55, 12.55, 0.11935
7.7513, 48.5, 12.55, 0.11803
7.7514, 48.25, 12.55, 0.11627
7.7516, 48.4, 12.55, 0.11542
7.7517, 48.35, 12.55, 0.1151
7.7518, 48.3, 12.55, 0.11477
7.8018, 39.3, 13.1, 0.12946
7.806, 48.85, 12.6, 0.129
7.8061, 39.8, 13.05, 0.1286
7.8064, 48.8, 12.6, 0.12772
7.8067, 48.75, 12.6, 0.1264
7.807, 48.7, 12.6, 0.12511
7.8075, 47.9, 12.6, 0.12454
7.8076, 48.6, 12.6, 0.12299
7.8078, 48.55, 12.6, 0.1212
7.808, 48.05, 12.6, 0.12054
7.8082, 48.45, 12.6, 0.11859
7.8083, 48.25, 12.6, 0.11455
7.8087, 48.3, 12.6, 0.11417
7.8587, 39.55, 13.1, 0.12908
7.8629, 48.8, 12.65, 0.12908
7.8632, 48.75, 12.65, 0.12778
7.8636, 48.7, 12.65, 0.12646
7.8639, 48.65, 12.65, 0.12518
7.8642, 48.6, 12.65, 0.12386
7.8645, 48.55, 12.65, 0.12258
7.8648, 48.5, 12.65, 0.12125
7.865, 48.45, 12.65, 0.12043
7.8651, 48.1, 12.65, 0.11634
7.8653, 48.25, 12.65, 0.11518
7.8654, 48.2, 12.65, 0.11382
7.9155, 48.15, 12.65, 0.11483
7.9156, 39.8, 13.1, 0.12808
7.9198, 39.55, 13.15, 0.12856
7.9201, 48.65, 12.7, 0.12754
7.9208, 48.55, 12.7, 0.12393
7.9211, 48.5, 12.7, 0.12313
7.9214, 48.45, 12.7, 0.12132
7.9216, 47.9, 12.7, 0.12118
7.9217, 48.4, 12.7, 0.11999
7.9219, 48.35, 12.7, 0.11918
7.922, 48.2, 12.7, 0.11524
7.9222, 48.15, 12.7, 0.1139
7.9722, 48.1, 12.7, 0.11464
7.9723, 48.05, 12.7, 0.11614
7.9724, 39.55, 13.2, 0.12684
7.9771, 48.55, 12.75, 0.12575
7.9774, 48.5, 12.75, 0.12445
7.9778, 48.45, 12.75, 0.12312
7.9781, 48.4, 12.75, 0.12231
7.9784, 48.35, 12.75, 0.12051
7.9785, 47.85, 12.75, 0.11995
7.9786, 48.2, 12.75, 0.11703
7.9788, 48.15, 12.75, 0.1152
7.979, 48.1, 12.75, 0.11387
7.9791, 48.05, 12.75, 0.1134
8.0291, 39.55, 13.25, 0.12688
8.0338, 48.5, 12.8, 0.12678
8.0342, 48.45, 12.8, 0.12498
8.0345, 48.4, 12.8, 0.12316
8.035, 48.25, 12.8, 0.11918
8.0352, 48.2, 12.8, 0.11885
8.0353, 47.9, 12.8, 0.11623
8.0354, 48.05, 12.8, 0.11387
8.0854, 48, 12.8, 0.11421
8.0856, 47.95, 12.8, 0.11473
8.0857, 39.8, 13.25, 0.12713
8.0892, 39.55, 13.3, 0.12697
8.0905, 48.4, 12.85, 0.12499
8.0909, 48.35, 12.85, 0.12317
8.0912, 48.3, 12.85, 0.12184
8.0916, 48.25, 12.85, 0.12102
8.0917, 48.15, 12.85, 0.11835
8.0919, 47.85, 12.85, 0.11656
8.0921, 47.95, 12.85, 0.11302
8.1421, 48, 12.85, 0.11484
8.1424, 39.8, 13.3, 0.12598
8.1469, 48.35, 12.9, 0.12498
8.1473, 48.3, 12.9, 0.12366
8.1477, 48.25, 12.9, 0.12233
8.148, 47.6, 12.9, 0.12145
8.1481, 48.2, 12.9, 0.12099
8.1482, 48.1, 12.9, 0.11883
8.1483, 47.7, 12.9, 0.11841
8.1485, 47.95, 12.9, 0.11432
8.1489, 47.85, 12.9, 0.11384
8.1989, 39.8, 13.35, 0.12545
8.2034, 48.3, 12.95, 0.125
8.2039, 48.25, 12.95, 0.12419
8.2041, 48.15, 12.95, 0.12149
8.2045, 48.1, 12.95, 0.12067
8.2047, 47.6, 12.95, 0.11978
8.2048, 48.05, 12.95, 0.11784
8.2049, 47.85, 12.95, 0.11345
8.2549, 47.9, 12.95, 0.11381
8.2552, 47.75, 12.95, 0.11421
8.2553, 39.8, 13.4, 0.12553
8.26, 48.2, 13, 0.12413
8.2604, 47.4, 13, 0.1237
8.2607, 48.05, 13, 0.1201
8.261, 48, 13, 0.11826
8.2612, 47.9, 13, 0.11657
8.2613, 47.65, 13, 0.11605
8.2614, 47.75, 13, 0.11299
8.3114, 47.8, 13, 0.11339
8.3117, 39.3, 13.5, 0.12581
8.3127, 39.8, 13.45, 0.1244
8.3162, 48.15, 13.05, 0.12408
8.3166, 48.1, 13.05, 0.12272
8.317, 48, 13.05, 0.12006
8.3173, 47.95, 13.05, 0.11872
8.3174, 47.55, 13.05, 0.11742
8.3175, 47.85, 13.05, 0.11601
8.3176, 47.75, 13.05, 0.11331
8.3178, 47.7, 13.05, 0.11284
8.318, 59.9, 14.1, 0.08662
8.3533, 59.95, 14.15, 0.08648
8.3881, 60, 14.2, 0.08562
8.4131, 36.6, 13.95, 0
8.4631, 36.65, 13.95, 0
8.4738, 40.8, 13.45, 0
8.4834, 36.7, 13.95, 0
8.4838, 59.7, 14.2, 0
8.4882, 36.75, 13.95, 0
8.4937, 38.55, 13.7, 0
8.4957, 59.65, 14.2, 0
8.4966, 36.8, 13.95, 0
8.5036, 59.6, 14.2, 0
8.5049, 41.05, 13.45, 0
8.5101, 59.55, 14.2, 0
8.5129, 36.85, 13.95, 0
8.5135, 59.5, 14.2, 0
8.5212, 36.9, 13.95, 0
8.5233, 48.8, 13.2, 0.0484
8.5247, 50.6, 13.25, 0.20512
