2.0399, 60, 7.7, 0.1451
2.0998, 59.4, 7.75, 0.14744
2.101, 59.45, 7.75, 0.1466
2.1023, 59.5, 7.75, 0.14642
2.1035, 59.55, 7.75, 0.1456
2.1047, 59.6, 7.75, 0.14476
2.1059, 59.65, 7.75, 0.14392
2.1071, 59.7, 7.75, 0.1431
2.1082, 59.75, 7.75, 0.14162
2.109, 59.8, 7.75, 0.14144
2.1101, 59.85, 7.75, 0.14062
2.1109, 59.9, 7.75, 0.1398
2.1117, 59.95, 7.75, 0.13962
2.1617, 60, 7.75, 0.14195
2.1624, 58.95, 7.8, 0.18646
2.1638, 59, 7.8, 0.18298
2.1652, 59.05, 7.8, 0.1462
2.1665, 59.1, 7.8, 0.14534
2.1677, 59.15, 7.8, 0.14452
2.169, 59.2, 7.8, 0.14432
2.1702, 59.25, 7.8, 0.1435
2.1714, 59.3, 7.8, 0.142
2.1723, 59.35, 7.8, 0.14182
2.1771, 59.6, 7.8, 0.14154
2.1779, 59.65, 7.8, 0.14071
2.1786, 59.7, 7.8, 0.14022
2.179, 59.75, 7.8, 0.13939
2.1798, 59.8, 7.8, 0.13889
2.2298, 60, 7.8, 0.17222
2.2318, 58.75, 7.85, 0.17728
2.2326, 58.8, 7.85, 0.1744
2.2352, 58.9, 7.85, 0.17202
2.2361, 58.95, 7.85, 0.16922
2.2374, 59, 7.85, 0.1664
2.2383, 59.05, 7.85, 0.14323
2.2391, 59.1, 7.85, 0.14272
2.24, 59.15, 7.85, 0.14189
2.2411, 59.2, 7.85, 0.14105
2.242, 59.25, 7.85, 0.14055
2.292, 60, 7.85, 0.15446
2.2987, 58.5, 7.9, 0.1735
2.2992, 58.55, 7.9, 0.17164
2.3005, 58.6, 7.9, 0.16879
2.3015, 58.65, 7.9, 0.16694
2.3024, 58.7, 7.9, 0.16412
2.3036, 58.75, 7.9, 0.16161
2.3129, 59.55, 7.9, 0.15962
2.3132, 59.6, 7.9, 0.15713
2.3134, 59.7, 7.9, 0.15283
2.3136, 60, 7.9, 0.14034
2.3636, 59.95, 7.9, 0.14279
2.3638, 59.8, 7.9, 0.14853
2.3639, 58.2, 7.95, 0.1719
2.3708, 58.6, 7.95, 0.17185
2.3716, 58.65, 7.95, 0.16963
2.3721, 58.7, 7.95, 0.16709
2.373, 58.75, 7.95, 0.16458
2.3734, 58.8, 7.95, 0.16204
2.3742, 58.85, 7.95, 0.15987
2.3747, 58.9, 7.95, 0.15769
2.3751, 58.95, 7.95, 0.15585
2.3758, 59, 7.95, 0.15335
2.3769, 60, 7.95, 0.12759
2.427, 59.95, 7.95, 0.12971
2.4272, 59.9, 7.95, 0.13182
2.4274, 59.85, 7.95, 0.13325
2.4276, 59.8, 7.95, 0.1354
2.4278, 59.75, 7.95, 0.13718
2.428, 59.7, 7.95, 0.13995
2.4282, 59.65, 7.95, 0.14141
2.4283, 57.7, 8, 0.17988
2.4326, 58.15, 8, 0.17761
2.4332, 58.2, 8, 0.17504
2.4341, 58.25, 8, 0.17316
2.435, 58.3, 8, 0.17025
2.4359, 58.35, 8, 0.16768
2.4364, 58.4, 8, 0.16581
2.4372, 58.45, 8, 0.1636
2.4377, 58.5, 8, 0.16106
2.4382, 58.55, 8, 0.15887
2.439, 60, 8, 0.12821
2.4393, 59.95, 8, 0.12807
2.4399, 59.9, 8, 0.12626
2.4402, 59.85, 8, 0.12549
2.4405, 59.8, 8, 0.12464
2.4905, 59.75, 8, 0.12536
2.4907, 59.7, 8, 0.1278
2.4913, 59.65, 8, 0.12924
2.4915, 59.55, 8, 0.1335
2.4919, 59.5, 8, 0.13496
2.4921, 59.4, 8, 0.13924
2.4924, 57.25, 8.05, 0.18645
2.4934, 57.7, 8.05, 0.18386
2.4944, 57.75, 8.05, 0.18159
2.4954, 57.8, 8.05, 0.17933
2.4964, 57.85, 8.05, 0.17674
2.497, 57.9, 8.05, 0.17413
2.4979, 57.95, 8.05, 0.17224
2.4988, 58, 8.05, 0.16967
2.4994, 58.05, 8.05, 0.16743
2.4996, 60, 8.05, 0.13356
2.5004, 59.95, 8.05, 0.13275
2.5007, 59.9, 8.05, 0.1323
2.5014, 59.85, 8.05, 0.13085
2.5021, 59.8, 8.05, 0.13006
2.5024, 59.75, 8.05, 0.12922
2.5031, 59.7, 8.05, 0.12713
2.5034, 59.65, 8.05, 0.12699
2.504, 59.6, 8.05, 0.1255
2.5043, 59.55, 8.05, 0.12469
2.5045, 59.5, 8.05, 0.12412
2.5545, 59.45, 8.05, 0.12591
2.5548, 59.4, 8.05, 0.12802
2.5553, 59, 8.05, 0.12847
2.5563, 58.9, 8.05, 0.13208
2.5564, 59.05, 8.05, 0.14133
2.5565, 57.35, 8.1, 0.18348
2.5567, 57.4, 8.1, 0.18154
2.5578, 57.45, 8.1, 0.17892
2.5588, 57.5, 8.1, 0.17665
2.5593, 60, 8.1, 0.1381
2.5601, 59.95, 8.1, 0.137
2.5609, 59.9, 8.1, 0.13588
2.5616, 59.85, 8.1, 0.13474
2.5624, 59.8, 8.1, 0.13428
2.5631, 59.75, 8.1, 0.13318
2.5642, 59.65, 8.1, 0.13158
2.5656, 59.55, 8.1, 0.12864
2.5659, 59.5, 8.1, 0.12816
2.5666, 59.45, 8.1, 0.12702
2.5669, 59.4, 8.1, 0.12654
2.5675, 59.35, 8.1, 0.12406
2.568, 59.25, 8.1, 0.12374
2.5686, 59.2, 8.1, 0.12326
2.6186, 59.15, 8.1, 0.12538
2.6188, 58.75, 8.1, 0.12582
2.6201, 58.7, 8.1, 0.12695
2.6202, 59.9, 8.15, 0.14211
2.6208, 59.85, 8.15, 0.14132
2.622, 59.8, 8.15, 0.13955
2.6228, 59.75, 8.15, 0.13844
2.6236, 59.7, 8.15, 0.13765
2.6243, 59.65, 8.15, 0.13683
2.6248, 59.6, 8.15, 0.13638
2.6255, 59.55, 8.15, 0.13527
2.6263, 59.5, 8.15, 0.13445
2.627, 59.45, 8.15, 0.13333
2.6277, 59.4, 8.15, 0.13184
2.6281, 59.35, 8.15, 0.13136
2.6287, 59.3, 8.15, 0.13056
2.6294, 59.25, 8.15, 0.12875
2.6297, 59.2, 8.15, 0.12826
2.6303, 59.15, 8.15, 0.12676
2.6306, 59.1, 8.15, 0.12662
2.6312, 59.05, 8.15, 0.12479
2.6812, 58.5, 8.15, 0.12732
2.6835, 58.45, 8.15, 0.12777
2.6836, 59.65, 8.2, 0.13996
2.6851, 59.55, 8.2, 0.13834
2.6859, 59.5, 8.2, 0.13788
2.6867, 59.45, 8.2, 0.13744
2.6875, 59.4, 8.2, 0.13628
2.6882, 59.35, 8.2, 0.13516
2.689, 59.3, 8.2, 0.13402
2.6894, 59.25, 8.2, 0.1335
2.6901, 59.2, 8.2, 0.13236
2.6908, 59.15, 8.2, 0.13122
2.6915, 59.1, 8.2, 0.13008
2.6918, 59.05, 8.2, 0.1296
2.6966, 58.2, 8.2, 0.1261
2.7467, 58.3, 8.2, 0.12645
2.7468, 59.4, 8.25, 0.14038
2.7473, 59.35, 8.25, 0.13924
2.7481, 59.3, 8.25, 0.1388
2.749, 59.25, 8.25, 0.13832
2.7497, 59.2, 8.25, 0.13718
2.7505, 59.15, 8.25, 0.13604
2.7513, 59.1, 8.25, 0.13488
2.752, 59.05, 8.25, 0.13372
2.7584, 58.4, 8.25, 0.13323
2.7586, 58.35, 8.25, 0.13311
2.7591, 58.3, 8.25, 0.13124
2.7593, 58.25, 8.25, 0.13009
2.7594, 58.2, 8.25, 0.12962
2.7596, 58.15, 8.25, 0.12842
2.7597, 58.1, 8.25, 0.12725
2.7598, 58.05, 8.25, 0.12641
2.7599, 58, 8.25, 0.12522
2.76, 57.95, 8.25, 0.12516
2.81, 59.15, 8.3, 0.14086
2.8103, 59.1, 8.3, 0.13971
2.8111, 59.05, 8.3, 0.13959
2.8192, 58.45, 8.3, 0.13957
2.8195, 58.4, 8.3, 0.13877
2.8201, 58.35, 8.3, 0.13795
2.8203, 58.3, 8.3, 0.13679
2.8206, 58.25, 8.3, 0.13562
2.8211, 58.2, 8.3, 0.1348
2.8213, 58.15, 8.3, 0.13398
2.8215, 58.1, 8.3, 0.13315
2.8221, 58.05, 8.3, 0.13198
2.8222, 58, 8.3, 0.13079
2.8224, 57.95, 8.3, 0.12995
2.8225, 57.65, 8.3, 0.12794
2.8226, 57.85, 8.3, 0.12793
2.8227, 57.8, 8.3, 0.12674
2.8228, 57.75, 8.3, 0.12626
2.8728, 57.7, 8.3, 0.12646
2.8729, 59.05, 8.35, 0.14248
2.8797, 58.4, 8.35, 0.14199
2.8804, 58.35, 8.35, 0.14082
2.8807, 58.3, 8.35, 0.1407
2.8814, 58.25, 8.35, 0.13921
2.882, 58.2, 8.35, 0.1384
2.8823, 58.15, 8.35, 0.13755
2.8829, 58.1, 8.35, 0.13638
2.8832, 58.05, 8.35, 0.13592
2.8834, 58, 8.35, 0.13473
2.884, 57.95, 8.35, 0.13355
2.8842, 57.9, 8.35, 0.13272
2.8843, 57.85, 8.35, 0.13221
2.8845, 57.8, 8.35, 0.13104
2.885, 57.75, 8.35, 0.12912
2.8851, 57.7, 8.35, 0.12866
2.8852, 57.45, 8.35, 0.1258
2.8855, 57.5, 8.35, 0.12386
2.9355, 59.05, 8.4, 0.14757
2.9392, 58.4, 8.4, 0.14709
2.94, 58.35, 8.4, 0.14593
2.9407, 58.3, 8.4, 0.14513
2.9414, 58.25, 8.4, 0.14395
2.9421, 58.2, 8.4, 0.1428
2.9425, 58.15, 8.4, 0.14232
2.9432, 58.1, 8.4, 0.1415
2.9438, 58.05, 8.4, 0.14034
2.9441, 58, 8.4, 0.13949
2.9448, 57.95, 8.4, 0.13868
2.945, 57.9, 8.4, 0.1375
2.9456, 57.85, 8.4, 0.13667
2.9459, 57.8, 8.4, 0.13584
2.9461, 57.75, 8.4, 0.13465
2.9466, 57.7, 8.4, 0.1338
2.9468, 57.65, 8.4, 0.13226
2.947, 57.6, 8.4, 0.13178
2.9472, 57.55, 8.4, 0.13058
2.9473, 57.5, 8.4, 0.12938
2.9478, 57.25, 8.4, 0.12496
2.9978, 57.3, 8.4, 0.1256
2.9981, 59.05, 8.45, 0.14964
2.999, 58.35, 8.45, 0.14937
2.9999, 58.3, 8.45, 0.14822
3.0006, 58.25, 8.45, 0.14741
3.0014, 58.2, 8.45, 0.14661
3.0022, 58.15, 8.45, 0.14545
3.0029, 58.1, 8.45, 0.14463
3.0033, 58.05, 8.45, 0.14379
3.004, 58, 8.45, 0.14297
3.0047, 57.95, 8.45, 0.14178
3.0054, 57.9, 8.45, 0.14096
3.0058, 57.85, 8.45, 0.14013
3.0064, 57.8, 8.45, 0.1386
3.0067, 57.75, 8.45, 0.13847
3.0073, 57.7, 8.45, 0.13694
3.0076, 57.65, 8.45, 0.13609
3.0082, 57.6, 8.45, 0.13526
3.0084, 57.55, 8.45, 0.13404
3.0086, 57.5, 8.45, 0.13392
3.0092, 57.45, 8.45, 0.132
3.0094, 57.4, 8.45, 0.1315
3.0095, 57.35, 8.45, 0.13031
3.0097, 57.3, 8.45, 0.12945
3.0098, 57.25, 8.45, 0.12894
3.0102, 57.05, 8.45, 0.1244
3.0602, 57.1, 8.45, 0.12458
3.0605, 58.2, 8.5, 0.15046
3.0611, 58.15, 8.5, 0.14931
3.0619, 58.1, 8.5, 0.14812
3.0627, 58.05, 8.5, 0.14729
3.0635, 58, 8.5, 0.1465
3.0643, 57.95, 8.5, 0.14533
3.065, 57.9, 8.5, 0.14451
3.0654, 57.85, 8.5, 0.14401
3.0661, 57.8, 8.5, 0.14283
3.0668, 57.75, 8.5, 0.14166
3.0672, 57.7, 8.5, 0.14152
3.0679, 57.65, 8.5, 0.14069
3.0685, 57.6, 8.5, 0.1388
3.0688, 57.55, 8.5, 0.1383
3.0695, 57.5, 8.5, 0.13746
3.0697, 57.45, 8.5, 0.13662
3.0703, 57.4, 8.5, 0.13507
3.0706, 57.35, 8.5, 0.13421
3.0708, 57.3, 8.5, 0.13372
3.0713, 57.25, 8.5, 0.13179
3.0715, 57.2, 8.5, 0.13165
3.0717, 57.15, 8.5, 0.13041
3.0718, 57.1, 8.5, 0.12991
3.072, 57.05, 8.5, 0.12871
3.0724, 56.8, 8.5, 0.12408
3.1224, 56.85, 8.5, 0.12453
3.1227, 58, 8.55, 0.15082
3.1229, 57.95, 8.55, 0.14965
3.1238, 57.9, 8.55, 0.14917
3.1246, 57.85, 8.55, 0.14835
3.1254, 57.8, 8.55, 0.14751
3.1262, 57.75, 8.55, 0.14633
3.1269, 57.7, 8.55, 0.1455
3.1277, 57.65, 8.55, 0.14468
3.128, 57.6, 8.55, 0.14383
3.1288, 57.55, 8.55, 0.143
3.1295, 57.5, 8.55, 0.1418
3.1298, 57.45, 8.55, 0.1406
3.1305, 57.4, 8.55, 0.13977
3.1308, 57.35, 8.55, 0.13927
3.1314, 57.3, 8.55, 0.13771
3.1317, 57.25, 8.55, 0.13687
3.1323, 57.2, 8.55, 0.136
3.1325, 57.15, 8.55, 0.13515
3.1331, 57.1, 8.55, 0.13429
3.1333, 57.05, 8.55, 0.13343
3.1337, 56.95, 8.55, 0.13136
3.1342, 56.9, 8.55, 0.13012
3.1343, 56.85, 8.55, 0.1289
3.1344, 56.8, 8.55, 0.12837
3.1346, 56.7, 8.55, 0.12591
3.1347, 56.65, 8.55, 0.12467
3.1348, 56.6, 8.55, 0.12376
3.1848, 56.5, 8.55, 0.12705
3.1849, 57.8, 8.6, 0.15047
3.185, 57.75, 8.6, 0.14932
3.1858, 57.7, 8.6, 0.14847
3.1866, 57.65, 8.6, 0.14727
3.1874, 57.6, 8.6, 0.14643
3.1882, 57.55, 8.6, 0.14525
3.1886, 57.5, 8.6, 0.1451
3.1894, 57.45, 8.6, 0.14392
3.1901, 57.4, 8.6, 0.14308
3.1908, 57.35, 8.6, 0.14188
3.1912, 57.3, 8.6, 0.14102
3.1919, 57.25, 8.6, 0.14017
3.1922, 57.2, 8.6, 0.13971
3.1929, 57.15, 8.6, 0.13847
3.1931, 57.1, 8.6, 0.13763
3.1938, 57.05, 8.6, 0.13678
3.194, 57, 8.6, 0.13517
3.1946, 56.95, 8.6, 0.13432
3.1948, 56.9, 8.6, 0.1331
3.1951, 56.85, 8.6, 0.13296
3.1956, 56.8, 8.6, 0.13099
3.1958, 56.75, 8.6, 0.13049
3.1959, 56.7, 8.6, 0.12961
3.1961, 56.65, 8.6, 0.12837
3.1962, 56.6, 8.6, 0.12788
3.1963, 56.55, 8.6, 0.12662
3.1964, 56.5, 8.6, 0.12571
3.1965, 56.45, 8.6, 0.12448
3.1966, 56.4, 8.6, 0.12323
3.2466, 56.25, 8.6, 0.12715
3.2467, 57.6, 8.65, 0.15073
3.2468, 57.55, 8.65, 0.14988
3.2476, 57.5, 8.65, 0.14905
3.2484, 57.45, 8.65, 0.1482
3.2492, 57.4, 8.65, 0.14701
3.25, 57.35, 8.65, 0.14617
3.2504, 57.3, 8.65, 0.14532
3.2512, 57.25, 8.65, 0.1441
3.252, 57.2, 8.65, 0.14326
3.2527, 57.15, 8.65, 0.1424
3.253, 57.1, 8.65, 0.14191
3.2537, 57.05, 8.65, 0.14072
3.254, 57, 8.65, 0.13984
3.2547, 56.95, 8.65, 0.13861
3.255, 56.9, 8.65, 0.13777
3.2556, 56.85, 8.65, 0.13691
3.2559, 56.8, 8.65, 0.13567
3.2565, 56.75, 8.65, 0.1348
3.2567, 56.7, 8.65, 0.13392
3.2569, 56.65, 8.65, 0.13306
3.2575, 56.6, 8.65, 0.13219
3.2577, 56.55, 8.65, 0.13094
3.2578, 56.5, 8.65, 0.13006
3.258, 56.45, 8.65, 0.12918
3.2581, 56.4, 8.65, 0.12792
3.2582, 56.35, 8.65, 0.12668
3.2583, 56.3, 8.65, 0.12617
3.2584, 56.2, 8.65, 0.12401
3.3085, 56.05, 8.65, 0.1279
3.3086, 57.4, 8.7, 0.14989
3.3087, 57.35, 8.7, 0.14903
3.3096, 57.3, 8.7, 0.14782
3.31, 57.25, 8.7, 0.14769
3.3108, 57.2, 8.7, 0.14685
3.3116, 57.15, 8.7, 0.14601
3.3124, 57.1, 8.7, 0.14481
3.3132, 57.05, 8.7, 0.14392
3.3136, 57, 8.7, 0.14273
3.3143, 56.95, 8.7, 0.1415
3.315, 56.9, 8.7, 0.14063
3.3154, 56.85, 8.7, 0.14014
3.316, 56.8, 8.7, 0.13854
3.3163, 56.75, 8.7, 0.13841
3.317, 56.7, 8.7, 0.13718
3.3173, 56.65, 8.7, 0.13632
3.3179, 56.6, 8.7, 0.13468
3.3181, 56.55, 8.7, 0.13383
3.3184, 56.5, 8.7, 0.1337
3.3189, 56.45, 8.7, 0.1317
3.3191, 56.4, 8.7, 0.1312
3.3193, 56.35, 8.7, 0.13031
3.3195, 56.3, 8.7, 0.12904
3.3196, 56.25, 8.7, 0.12889
3.3201, 55.95, 8.7, 0.12377
3.3204, 56.05, 8.7, 0.12345
3.3205, 56, 8.7, 0.12254
3.3705, 57.15, 8.75, 0.14901
3.3713, 57.1, 8.75, 0.14777
3.3721, 57.05, 8.75, 0.14694
3.3726, 57, 8.75, 0.14644
3.3734, 56.95, 8.75, 0.14557
3.3741, 56.9, 8.75, 0.14436
3.3749, 56.85, 8.75, 0.14276
3.3753, 56.8, 8.75, 0.14264
3.376, 56.75, 8.75, 0.1414
3.3767, 56.7, 8.75, 0.14052
3.3771, 56.65, 8.75, 0.13964
3.3778, 56.6, 8.75, 0.1388
3.3781, 56.55, 8.75, 0.13792
3.3787, 56.5, 8.75, 0.13631
3.379, 56.45, 8.75, 0.13616
3.3796, 56.4, 8.75, 0.13415
3.3799, 56.35, 8.75, 0.13403
3.3801, 56.3, 8.75, 0.13278
3.3807, 56.25, 8.75, 0.1319
3.3809, 56.2, 8.75, 0.13065
3.381, 56.15, 8.75, 0.12937
3.3812, 56.1, 8.75, 0.12921
3.3813, 56.05, 8.75, 0.12796
3.3816, 55.95, 8.75, 0.12578
3.3817, 55.9, 8.75, 0.12487
3.3818, 55.8, 8.75, 0.12344
3.4318, 55.75, 8.75, 0.12403
3.4319, 57, 8.8, 0.14993
3.4322, 56.95, 8.8, 0.14871
3.4331, 56.9, 8.8, 0.14784
3.4336, 56.85, 8.8, 0.14699
3.4344, 56.8, 8.8, 0.1465
3.4352, 56.75, 8.8, 0.14562
3.436, 56.7, 8.8, 0.1444
3.4364, 56.65, 8.8, 0.14389
3.4371, 56.6, 8.8, 0.14265
3.4379, 56.55, 8.8, 0.14141
3.4382, 56.5, 8.8, 0.14054
3.4389, 56.45, 8.8, 0.14003
3.4392, 56.4, 8.8, 0.13878
3.4399, 56.35, 8.8, 0.13753
3.4402, 56.3, 8.8, 0.13665
3.4408, 56.25, 8.8, 0.13577
3.4411, 56.2, 8.8, 0.13451
3.4413, 56.15, 8.8, 0.13399
3.4421, 56.05, 8.8, 0.13221
3.4423, 56, 8.8, 0.13094
3.4425, 55.95, 8.8, 0.13005
3.4427, 55.9, 8.8, 0.12914
3.4432, 55.85, 8.8, 0.12823
3.4433, 55.6, 8.8, 0.12257
3.4933, 55.65, 8.8, 0.12386
3.4936, 56.8, 8.85, 0.14961
3.4946, 56.7, 8.85, 0.14751
3.4955, 56.65, 8.85, 0.14629
3.4963, 56.6, 8.85, 0.14468
3.4967, 56.55, 8.85, 0.14453
3.4975, 56.5, 8.85, 0.14328
3.4983, 56.45, 8.85, 0.1424
3.4987, 56.4, 8.85, 0.14227
3.4994, 56.35, 8.85, 0.14028
3.4997, 56.3, 8.85, 0.14014
3.5005, 56.25, 8.85, 0.13927
3.5008, 56.2, 8.85, 0.13799
3.5014, 56.15, 8.85, 0.13712
3.5017, 56.1, 8.85, 0.13621
3.5024, 56.05, 8.85, 0.13495
3.5029, 55.95, 8.85, 0.13353
3.5035, 55.9, 8.85, 0.13189
3.5037, 55.85, 8.85, 0.13059
3.5039, 55.8, 8.85, 0.13045
3.504, 55.75, 8.85, 0.12918
3.5042, 55.7, 8.85, 0.12791
3.5043, 55.65, 8.85, 0.12701
3.5046, 55.5, 8.85, 0.12426
3.5047, 55.45, 8.85, 0.12294
3.5547, 55.4, 8.85, 0.12301
3.5548, 55.3, 8.85, 0.12573
3.5549, 56.6, 8.9, 0.14923
3.5554, 56.55, 8.9, 0.14835
3.5563, 56.5, 8.9, 0.14749
3.5571, 56.45, 8.9, 0.14586
3.5579, 56.4, 8.9, 0.14536
3.5583, 56.35, 8.9, 0.14447
3.5591, 56.3, 8.9, 0.14396
3.5599, 56.25, 8.9, 0.14271
3.5603, 56.2, 8.9, 0.14183
3.561, 56.15, 8.9, 0.14056
3.5614, 56.1, 8.9, 0.14005
3.5621, 56.05, 8.9, 0.13841
3.5624, 56, 8.9, 0.13789
3.5631, 55.95, 8.9, 0.13663
3.5633, 55.9, 8.9, 0.13573
3.5636, 55.85, 8.9, 0.13483
3.5642, 55.8, 8.9, 0.13392
3.5645, 55.75, 8.9, 0.13302
3.5647, 55.7, 8.9, 0.13174
3.5649, 55.65, 8.9, 0.13082
3.5655, 55.6, 8.9, 0.13029
3.5656, 55.55, 8.9, 0.129
3.5658, 55.5, 8.9, 0.1277
3.5659, 55.45, 8.9, 0.12717
3.566, 55.15, 8.9, 0.12543
3.5661, 55.35, 8.9, 0.12495
3.5662, 55.3, 8.9, 0.12365
3.5663, 55.25, 8.9, 0.12233
3.6163, 55.2, 8.9, 0.12388
3.6164, 56.4, 8.95, 0.14877
3.6171, 56.35, 8.95, 0.14715
3.6179, 56.3, 8.95, 0.14592
3.6188, 56.25, 8.95, 0.145
3.6192, 56.2, 8.95, 0.14488
3.62, 56.15, 8.95, 0.14361
3.6208, 56.1, 8.95, 0.14196
3.6212, 56.05, 8.95, 0.14184
3.6219, 56, 8.95, 0.14055
3.6223, 55.95, 8.95, 0.1393
3.623, 55.9, 8.95, 0.13839
3.6234, 55.85, 8.95, 0.13749
3.6241, 55.8, 8.95, 0.1362
3.6244, 55.75, 8.95, 0.1353
3.6246, 55.7, 8.95, 0.13515
3.6253, 55.65, 8.95, 0.13311
3.6255, 55.6, 8.95, 0.13297
3.6258, 55.55, 8.95, 0.13168
3.626, 55.5, 8.95, 0.13078
3.6265, 55.45, 8.95, 0.12985
3.6267, 55.4, 8.95, 0.12854
3.6269, 55.35, 8.95, 0.12764
3.627, 55.3, 8.95, 0.12633
3.6272, 55, 8.95, 0.12437
3.6274, 55.15, 8.95, 0.12394
3.6275, 55.05, 8.95, 0.12204
3.6775, 56.25, 9, 0.14822
3.678, 56.2, 9, 0.14771
3.6788, 56.15, 9, 0.14647
3.6793, 56.1, 9, 0.14632
3.6801, 56.05, 9, 0.14542
3.6809, 56, 9, 0.14341
3.6814, 55.95, 9, 0.14326
3.6822, 55.9, 9, 0.14199
3.6825, 55.85, 9, 0.14109
3.6833, 55.8, 9, 0.14018
3.6837, 55.75, 9, 0.13891
3.6844, 55.7, 9, 0.138
3.6847, 55.65, 9, 0.13746
3.6854, 55.6, 9, 0.1358
3.6857, 55.55, 9, 0.13489
3.686, 55.5, 9, 0.13435
3.6866, 55.45, 9, 0.13268
3.6868, 55.4, 9, 0.13215
3.6871, 55.35, 9, 0.13161
3.6873, 55.3, 9, 0.13029
3.6875, 55.25, 9, 0.12899
3.6882, 55.15, 9, 0.12678
3.6883, 55.1, 9, 0.12582
3.6884, 54.9, 9, 0.12209
3.7384, 54.95, 9, 0.12263
3.7387, 56.1, 9.05, 0.14933
3.7389, 56.05, 9.05, 0.14843
3.7394, 56, 9.05, 0.14717
3.7402, 55.95, 9.05, 0.14625
3.7411, 55.9, 9.05, 0.14536
3.7415, 55.85, 9.05, 0.14447
3.7423, 55.8, 9.05, 0.1432
3.7428, 55.75, 9.05, 0.14267
3.7435, 55.7, 9.05, 0.14177
3.7443, 55.65, 9.05, 0.14086
3.7447, 55.6, 9.05, 0.13955
3.745, 55.55, 9.05, 0.13864
3.7458, 55.5, 9.05, 0.13775
3.7461, 55.45, 9.05, 0.13606
3.7468, 55.4, 9.05, 0.13553
3.7471, 55.35, 9.05, 0.135
3.7473, 55.3, 9.05, 0.13407
3.7476, 55.25, 9.05, 0.13316
3.7482, 55.2, 9.05, 0.13146
3.7484, 55.15, 9.05, 0.13092
3.7486, 55.1, 9.05, 0.12961
3.7488, 55.05, 9.05, 0.12829
3.749, 55, 9.05, 0.12775
3.7491, 54.95, 9.05, 0.12642
3.7493, 54.9, 9.05, 0.12548
3.7494, 54.85, 9.05, 0.12453
3.7495, 54.8, 9.05, 0.12321
3.7496, 54.75, 9.05, 0.12266
3.7497, 54.7, 9.05, 0.12209
3.7997, 55.9, 9.1, 0.14795
3.8003, 55.85, 9.1, 0.14667
3.8008, 55.8, 9.1, 0.14652
3.8017, 55.75, 9.1, 0.14484
3.8025, 55.7, 9.1, 0.14395
3.803, 55.65, 9.1, 0.14343
3.8038, 55.6, 9.1, 0.14177
3.8042, 55.55, 9.1, 0.14162
3.805, 55.5, 9.1, 0.1407
3.8053, 55.45, 9.1, 0.13979
3.8061, 55.4, 9.1, 0.13847
3.8064, 55.35, 9.1, 0.13756
3.8072, 55.3, 9.1, 0.13666
3.8075, 55.25, 9.1, 0.13533
3.8078, 55.2, 9.1, 0.13441
3.8084, 55.15, 9.1, 0.13351
3.809, 55.05, 9.1, 0.13085
3.8092, 55, 9.1, 0.13071
3.8094, 54.95, 9.1, 0.12976
3.8096, 54.9, 9.1, 0.12884
3.8098, 54.85, 9.1, 0.12751
3.8099, 54.8, 9.1, 0.12655
3.8101, 54.75, 9.1, 0.12562
3.8102, 54.7, 9.1, 0.1251
3.8103, 54.65, 9.1, 0.12412
3.8104, 54.6, 9.1, 0.12278
3.8105, 54.55, 9.1, 0.12105
3.8605, 54.5, 9.1, 0.12265
3.8606, 55.75, 9.15, 0.14858
3.8609, 55.7, 9.15, 0.14769
3.8618, 55.65, 9.15, 0.14679
3.8623, 55.6, 9.15, 0.14588
3.8631, 55.55, 9.15, 0.14457
3.864, 55.5, 9.15, 0.14367
3.8644, 55.45, 9.15, 0.14313
3.8652, 55.4, 9.15, 0.14145
3.8656, 55.35, 9.15, 0.14093
3.8664, 55.3, 9.15, 0.13962
3.8668, 55.25, 9.15, 0.13868
3.8671, 55.2, 9.15, 0.13776
3.8682, 55.1, 9.15, 0.13551
3.8685, 55.05, 9.15, 0.13497
3.8692, 55, 9.15, 0.13444
3.8694, 54.95, 9.15, 0.13311
3.8697, 54.9, 9.15, 0.13218
3.8699, 54.85, 9.15, 0.13124
3.8702, 54.8, 9.15, 0.12991
3.8704, 54.75, 9.15, 0.12936
3.871, 54.55, 9.15, 0.12479
3.8712, 54.5, 9.15, 0.12345
3.8713, 54.45, 9.15, 0.12249
3.8714, 54.4, 9.15, 0.12164
3.9214, 54.3, 9.15, 0.12443
3.9215, 55.55, 9.2, 0.14786
3.9224, 55.5, 9.2, 0.14616
3.9233, 55.45, 9.2, 0.14487
3.9237, 55.4, 9.2, 0.14474
3.9246, 55.35, 9.2, 0.14303
3.925, 55.3, 9.2, 0.14288
3.9259, 55.25, 9.2, 0.14117
3.9263, 55.2, 9.2, 0.14106
3.9271, 55.15, 9.2, 0.14013
3.9274, 55.1, 9.2, 0.13881
3.9282, 55.05, 9.2, 0.13708
3.9286, 55, 9.2, 0.13694
3.9289, 54.95, 9.2, 0.13563
3.9292, 54.9, 9.2, 0.13546
3.9299, 54.85, 9.2, 0.13335
3.9302, 54.8, 9.2, 0.1324
3.9307, 54.7, 9.2, 0.13131
3.9309, 54.65, 9.2, 0.12995
3.9311, 54.6, 9.2, 0.12904
3.9313, 54.55, 9.2, 0.12809
3.9315, 54.5, 9.2, 0.12673
3.9317, 54.45, 9.2, 0.12537
3.9318, 54.4, 9.2, 0.12482
3.932, 54.35, 9.2, 0.12347
3.9321, 54.3, 9.2, 0.1225
3.9322, 54.25, 9.2, 0.12115
3.9822, 54.2, 9.2, 0.12179
3.9823, 55.45, 9.25, 0.14797
3.9824, 55.4, 9.25, 0.14705
3.983, 55.35, 9.25, 0.14689
3.9838, 55.3, 9.25, 0.1452
3.9843, 55.25, 9.25, 0.14467
3.9852, 55.2, 9.25, 0.14296
3.9861, 55.15, 9.25, 0.14205
3.9865, 55.1, 9.25, 0.1419
3.9869, 55.05, 9.25, 0.14097
3.9881, 54.95, 9.25, 0.13869
3.9889, 54.9, 9.25, 0.13699
3.9892, 54.85, 9.25, 0.13645
3.9896, 54.8, 9.25, 0.13552
3.9906, 54.7, 9.25, 0.13361
3.9909, 54.65, 9.25, 0.13268
3.9912, 54.6, 9.25, 0.13131
3.9914, 54.55, 9.25, 0.13077
3.9917, 54.5, 9.25, 0.13021
3.9919, 54.45, 9.25, 0.12887
3.9921, 54.4, 9.25, 0.12793
3.9923, 54.35, 9.25, 0.12696
3.9926, 54.25, 9.25, 0.12463
3.9928, 54.2, 9.25, 0.12327
3.9929, 54.15, 9.25, 0.1223
3.993, 54.1, 9.25, 0.12135
4.043, 54.05, 9.25, 0.12141
4.0431, 55.25, 9.3, 0.14758
4.0435, 55.2, 9.3, 0.14665
4.0444, 55.15, 9.3, 0.14533
4.0453, 55.1, 9.3, 0.14479
4.0458, 55.05, 9.3, 0.14427
4.0467, 55, 9.3, 0.14294
4.0471, 54.95, 9.3, 0.14199
4.0475, 54.9, 9.3, 0.14067
4.0484, 54.85, 9.3, 0.14013
4.0488, 54.8, 9.3, 0.13919
4.0495, 54.75, 9.3, 0.13824
4.0499, 54.7, 9.3, 0.13691
4.0502, 54.65, 9.3, 0.13597
4.0506, 54.6, 9.3, 0.13501
4.0516, 54.5, 9.3, 0.1331
4.0519, 54.45, 9.3, 0.13217
4.0521, 54.4, 9.3, 0.1308
4.0524, 54.35, 9.3, 0.12985
4.0526, 54.3, 9.3, 0.12929
4.0528, 54.25, 9.3, 0.12794
4.053, 54.2, 9.3, 0.12696
4.0532, 54.15, 9.3, 0.12599
4.0534, 53.95, 9.3, 0.12172
4.0535, 53.9, 9.3, 0.12165
4.1035, 54, 9.3, 0.1227
4.1037, 55.1, 9.35, 0.14684
4.1044, 55.05, 9.35, 0.14588
4.105, 55, 9.35, 0.14576
4.1059, 54.95, 9.35, 0.14404
4.1064, 54.9, 9.35, 0.14346
4.1072, 54.85, 9.35, 0.14173
4.1077, 54.8, 9.35, 0.14162
4.1085, 54.75, 9.35, 0.13988
4.109, 54.7, 9.35, 0.13971
4.1094, 54.65, 9.35, 0.13838
4.1101, 54.6, 9.35, 0.13744
4.1105, 54.55, 9.35, 0.13607
4.1109, 54.5, 9.35, 0.13552
4.1112, 54.45, 9.35, 0.13456
4.1115, 54.4, 9.35, 0.134
4.1125, 54.3, 9.35, 0.13127
4.1128, 54.25, 9.35, 0.12992
4.1131, 54.2, 9.35, 0.12896
4.1133, 54.15, 9.35, 0.128
4.1135, 54.1, 9.35, 0.12743
4.1137, 54.05, 9.35, 0.12648
4.1138, 53.9, 9.35, 0.12314
4.114, 53.85, 9.35, 0.12176
4.1141, 53.8, 9.35, 0.12077
4.1641, 53.75, 9.35, 0.12185
4.1642, 53.7, 9.35, 0.12307
4.1643, 54.95, 9.4, 0.14769
4.1649, 54.9, 9.4, 0.14595
4.1655, 54.85, 9.4, 0.14502
4.1664, 54.8, 9.4, 0.14448
4.1669, 54.75, 9.4, 0.14313
4.1678, 54.7, 9.4, 0.14259
4.1682, 54.65, 9.4, 0.14164
4.1691, 54.6, 9.4, 0.13989
4.1695, 54.55, 9.4, 0.13935
4.1699, 54.5, 9.4, 0.13879
4.1703, 54.45, 9.4, 0.13782
4.1711, 54.4, 9.4, 0.13687
4.1715, 54.35, 9.4, 0.13551
4.1718, 54.3, 9.4, 0.13416
4.1721, 54.25, 9.4, 0.134
4.1725, 54.2, 9.4, 0.13263
4.1728, 54.15, 9.4, 0.13126
4.1734, 54.1, 9.4, 0.13069
4.1737, 54.05, 9.4, 0.12933
4.174, 53.9, 9.4, 0.12641
4.1742, 53.85, 9.4, 0.12543
4.1744, 53.8, 9.4, 0.12403
4.1745, 53.6, 9.4, 0.12214
4.1747, 53.7, 9.4, 0.12209
4.1748, 53.65, 9.4, 0.1215
4.2248, 54.85, 9.45, 0.14817
4.2249, 54.8, 9.45, 0.14642
4.2254, 54.75, 9.45, 0.14629
4.2263, 54.7, 9.45, 0.14455
4.2269, 54.65, 9.45, 0.14401
4.2274, 54.6, 9.45, 0.14344
4.2283, 54.55, 9.45, 0.14209
4.2287, 54.5, 9.45, 0.14114
4.2296, 54.45, 9.45, 0.14019
4.23, 54.4, 9.45, 0.13923
4.2304, 54.35, 9.45, 0.13787
4.2316, 54.25, 9.45, 0.13553
4.232, 54.2, 9.45, 0.13498
4.2324, 54.15, 9.45, 0.13361
4.2327, 54.1, 9.45, 0.13346
4.233, 54.05, 9.45, 0.13208
4.2333, 54, 9.45, 0.1315
4.2336, 53.95, 9.45, 0.13012
4.2341, 53.85, 9.45, 0.12818
4.2344, 53.8, 9.45, 0.1268
4.2346, 53.75, 9.45, 0.1258
4.2348, 53.7, 9.45, 0.12442
4.2349, 53.55, 9.45, 0.12228
4.235, 53.5, 9.45, 0.12045
4.285, 53.45, 9.45, 0.12155
4.2851, 53.4, 9.45, 0.12277
4.2852, 54.7, 9.5, 0.14794
4.2853, 54.65, 9.5, 0.14698
4.2868, 54.55, 9.5, 0.14509
4.2873, 54.5, 9.5, 0.1437
4.2882, 54.45, 9.5, 0.14277
4.2887, 54.4, 9.5, 0.14181
4.2892, 54.35, 9.5, 0.14167
4.29, 54.3, 9.5, 0.13948
4.2905, 54.25, 9.5, 0.13852
4.2909, 54.2, 9.5, 0.13838
4.2913, 54.15, 9.5, 0.13699
4.2921, 54.1, 9.5, 0.1356
4.2925, 54.05, 9.5, 0.13426
4.2929, 54, 9.5, 0.13327
4.2932, 53.95, 9.5, 0.13311
4.2935, 53.9, 9.5, 0.13214
4.2938, 53.85, 9.5, 0.13074
4.2941, 53.8, 9.5, 0.12976
4.2944, 53.75, 9.5, 0.1288
4.2947, 53.7, 9.5, 0.12779
4.2949, 53.65, 9.5, 0.1264
4.2951, 53.5, 9.5, 0.12426
4.2953, 53.45, 9.5, 0.12203
4.2954, 53.4, 9.5, 0.12104
4.2956, 53.35, 9.5, 0.12003
4.3456, 54.5, 9.55, 0.14655
4.3466, 54.45, 9.55, 0.1452
4.3471, 54.4, 9.55, 0.14463
4.3481, 54.35, 9.55, 0.14407
4.3486, 54.3, 9.55, 0.14271
4.3491, 54.25, 9.55, 0.14214
4.35, 54.2, 9.55, 0.14077
4.3504, 54.15, 9.55, 0.13981
4.3509, 54.1, 9.55, 0.13885
4.3513, 54.05, 9.55, 0.13787
4.3517, 54, 9.55, 0.1369
4.3525, 53.95, 9.55, 0.13551
4.3529, 53.9, 9.55, 0.13454
4.3533, 53.85, 9.55, 0.13396
4.3536, 53.8, 9.55, 0.13298
4.354, 53.75, 9.55, 0.1316
4.3543, 53.7, 9.55, 0.1306
4.3546, 53.65, 9.55, 0.12963
4.3548, 53.6, 9.55, 0.12864
4.3552, 53.45, 9.55, 0.12567
4.3554, 53.4, 9.55, 0.12467
4.3556, 53.2, 9.55, 0.12116
4.4056, 53.25, 9.55, 0.12125
4.4059, 54.4, 9.6, 0.14775
4.4063, 54.35, 9.6, 0.14555
4.4068, 54.3, 9.6, 0.14459
4.4078, 54.25, 9.6, 0.14363
4.4083, 54.2, 9.6, 0.14268
4.4098, 54.1, 9.6, 0.1407
4.4103, 54.05, 9.6, 0.13974
4.4107, 54, 9.6, 0.13916
4.4112, 53.95, 9.6, 0.1382
4.4116, 53.9, 9.6, 0.13763
4.4125, 53.85, 9.6, 0.13541
4.4129, 53.8, 9.6, 0.13527
4.4133, 53.75, 9.6, 0.13426
4.4136, 53.7, 9.6, 0.13329
4.414, 53.65, 9.6, 0.1319
4.4143, 53.6, 9.6, 0.13089
4.4146, 53.55, 9.6, 0.12992
4.4149, 53.5, 9.6, 0.12891
4.4152, 53.45, 9.6, 0.12749
4.4153, 53.35, 9.6, 0.12634
4.4155, 53.3, 9.6, 0.12533
4.4158, 53.25, 9.6, 0.12311
4.4159, 53.1, 9.6, 0.12049
4.4659, 53.15, 9.6, 0.12108
4.4661, 54.25, 9.65, 0.14642
4.4675, 54.15, 9.65, 0.14487
4.468, 54.1, 9.65, 0.14392
4.4686, 54.05, 9.65, 0.14294
4.4695, 54, 9.65, 0.14155
4.47, 53.95, 9.65, 0.1414
4.4705, 53.9, 9.65, 0.14042
4.471, 53.85, 9.65, 0.13861
4.4718, 53.8, 9.65, 0.13764
4.4723, 53.75, 9.65, 0.13705
4.4727, 53.7, 9.65, 0.13607
4.4731, 53.65, 9.65, 0.13467
4.4739, 53.55, 9.65, 0.13268
4.4742, 53.5, 9.65, 0.13127
4.4746, 53.45, 9.65, 0.13069
4.4749, 53.4, 9.65, 0.12928
4.4752, 53.35, 9.65, 0.12869
4.4753, 53.25, 9.65, 0.1267
4.4756, 53.2, 9.65, 0.12567
4.476, 52.85, 9.65, 0.12305
4.4762, 52.95, 9.65, 0.12058
4.5262, 52.9, 9.65, 0.1214
4.5263, 54.15, 9.7, 0.14754
4.5264, 54.1, 9.7, 0.14532
4.527, 54.05, 9.7, 0.14518
4.5276, 54, 9.7, 0.14421
4.5286, 53.95, 9.7, 0.14363
4.5291, 53.9, 9.7, 0.14222
4.5296, 53.85, 9.7, 0.14125
4.5301, 53.8, 9.7, 0.14028
4.5311, 53.75, 9.7, 0.13887
4.5315, 53.7, 9.7, 0.13828
4.532, 53.65, 9.7, 0.13689
4.5324, 53.6, 9.7, 0.13589
4.5329, 53.55, 9.7, 0.13492
4.5333, 53.5, 9.7, 0.13392
4.5337, 53.45, 9.7, 0.13372
4.534, 53.4, 9.7, 0.13275
4.5344, 53.35, 9.7, 0.13175
4.5347, 53.3, 9.7, 0.13034
4.5351, 53.25, 9.7, 0.12848
4.5354, 53.2, 9.7, 0.1275
4.5355, 53.1, 9.7, 0.12588
4.5358, 53.05, 9.7, 0.12487
4.5361, 52.75, 9.7, 0.12209
4.5362, 52.85, 9.7, 0.12037
4.5862, 52.8, 9.7, 0.12044
4.5864, 54, 9.75, 0.14667
4.5868, 53.95, 9.75, 0.1457
4.5874, 53.9, 9.75, 0.14472
4.588, 53.85, 9.75, 0.14373
4.5886, 53.8, 9.75, 0.14357
4.5895, 53.75, 9.75, 0.14134
4.5906, 53.65, 9.75, 0.1398
4.5911, 53.6, 9.75, 0.1392
4.5916, 53.55, 9.75, 0.1382
4.592, 53.5, 9.75, 0.1372
4.5929, 53.45, 9.75, 0.1354
4.5933, 53.4, 9.75, 0.13439
4.5938, 53.35, 9.75, 0.13295
4.5941, 53.25, 9.75, 0.13177
4.5945, 53.2, 9.75, 0.13036
4.5948, 53.15, 9.75, 0.12978
4.5951, 53.1, 9.75, 0.12876
4.5955, 53.05, 9.75, 0.12732
4.5957, 53, 9.75, 0.12631
4.5959, 52.9, 9.75, 0.12429
4.5961, 52.75, 9.75, 0.12166
4.5963, 52.7, 9.75, 0.11977
4.6463, 52.65, 9.75, 0.12057
4.6465, 53.85, 9.8, 0.14648
4.6472, 53.8, 9.8, 0.1459
4.6478, 53.75, 9.8, 0.14451
4.6483, 53.7, 9.8, 0.14352
4.6489, 53.65, 9.8, 0.14254
4.6499, 53.6, 9.8, 0.14112
4.6509, 53.5, 9.8, 0.13955
4.6515, 53.45, 9.8, 0.13813
4.6519, 53.4, 9.8, 0.13755
4.6524, 53.35, 9.8, 0.13612
4.6529, 53.3, 9.8, 0.1351
4.6533, 53.25, 9.8, 0.13452
4.6537, 53.2, 9.8, 0.13351
4.6541, 53.15, 9.8, 0.13252
4.6545, 53.1, 9.8, 0.13149
4.6548, 53.05, 9.8, 0.13006
4.6552, 53, 9.8, 0.12904
4.6555, 52.95, 9.8, 0.12804
4.6556, 52.3, 9.8, 0.1273
4.6557, 52.85, 9.8, 0.12599
4.656, 52.8, 9.8, 0.12455
4.6561, 52.6, 9.8, 0.12044
4.6563, 52.55, 9.8, 0.12018
4.7063, 52.5, 9.8, 0.12186
4.7064, 53.75, 9.85, 0.1471
4.7067, 53.7, 9.85, 0.14486
4.7074, 53.65, 9.85, 0.1447
4.708, 53.6, 9.85, 0.14411
4.7092, 53.5, 9.85, 0.1417
4.7101, 53.45, 9.85, 0.14027
4.7107, 53.4, 9.85, 0.13969
4.7112, 53.35, 9.85, 0.13871
4.7117, 53.3, 9.85, 0.13767
4.7122, 53.25, 9.85, 0.13667
4.7127, 53.2, 9.85, 0.13524
4.7131, 53.15, 9.85, 0.13423
4.7135, 53.1, 9.85, 0.13324
4.714, 53.05, 9.85, 0.1322
4.7144, 53, 9.85, 0.13119
4.7147, 52.9, 9.85, 0.12999
4.715, 52.85, 9.85, 0.12854
4.7154, 52.8, 9.85, 0.12666
4.7155, 52.7, 9.85, 0.12548
4.7158, 52.65, 9.85, 0.12444
4.7159, 52.55, 9.85, 0.12238
4.7161, 52.4, 9.85, 0.12135
4.7163, 52.45, 9.85, 0.11905
4.7663, 53.6, 9.9, 0.14641
4.7669, 53.55, 9.9, 0.14541
4.7675, 53.5, 9.9, 0.14442
4.7681, 53.45, 9.9, 0.14258
4.7691, 53.4, 9.9, 0.14241
4.7697, 53.35, 9.9, 0.14098
4.7702, 53.3, 9.9, 0.13998
4.7713, 53.2, 9.9, 0.13796
4.7718, 53.15, 9.9, 0.13694
4.7723, 53.1, 9.9, 0.13593
4.7728, 53.05, 9.9, 0.13491
4.7732, 53, 9.9, 0.13391
4.7737, 52.95, 9.9, 0.13287
4.7741, 52.9, 9.9, 0.13185
4.7744, 52.8, 9.9, 0.12981
4.7748, 52.75, 9.9, 0.12878
4.7752, 52.7, 9.9, 0.12817
4.7754, 52.6, 9.9, 0.12526
4.7757, 52.55, 9.9, 0.12465
4.7758, 52.45, 9.9, 0.12215
4.776, 52.3, 9.9, 0.12058
4.826, 52.25, 9.9, 0.12184
4.8262, 53.45, 9.95, 0.14596
4.8273, 53.4, 9.95, 0.14411
4.8279, 53.35, 9.95, 0.1431
4.8285, 53.3, 9.95, 0.14211
4.8291, 53.25, 9.95, 0.14193
4.8297, 53.2, 9.95, 0.14091
4.8302, 53.15, 9.95, 0.1399
4.8308, 53.1, 9.95, 0.13847
4.8313, 53.05, 9.95, 0.13743
4.8323, 52.95, 9.95, 0.13538
4.8328, 52.9, 9.95, 0.13439
4.8332, 52.85, 9.95, 0.13336
4.8337, 52.8, 9.95, 0.13232
4.8345, 52.7, 9.95, 0.12943
4.8351, 52.5, 9.95, 0.1257
4.8355, 52.05, 9.95, 0.12387
4.8357, 52.4, 9.95, 0.12321
4.8358, 52.2, 9.95, 0.1192
4.8858, 52.15, 9.95, 0.12046
4.886, 53.35, 10, 0.14633
4.8865, 53.3, 10, 0.14491
4.8875, 53.25, 10, 0.14308
4.8882, 53.2, 10, 0.14202
4.8888, 53.15, 10, 0.14102
4.8894, 53.1, 10, 0.14083
4.89, 53.05, 10, 0.13984
4.8905, 53, 10, 0.13838
4.8911, 52.95, 10, 0.1378
4.8916, 52.9, 10, 0.13635
4.8921, 52.85, 10, 0.1353
4.8931, 52.7, 10, 0.13223
4.8935, 52.65, 10, 0.1312
4.8939, 52.6, 10, 0.13016
4.8943, 52.5, 10, 0.12892
4.8947, 52.45, 10, 0.12659
4.895, 52.4, 10, 0.12556
4.8952, 52.3, 10, 0.12347
4.8954, 52, 10, 0.12197
4.8957, 52.05, 10, 0.11983
4.9457, 53.25, 10.05, 0.14575
4.9459, 53.2, 10.05, 0.14515
4.9466, 53.15, 10.05, 0.14371
4.9477, 53.1, 10.05, 0.14312
4.9483, 53.05, 10.05, 0.14207
4.9489, 53, 10.05, 0.14107
4.9495, 52.95, 10.05, 0.14004
4.9501, 52.9, 10.05, 0.13901
4.9507, 52.85, 10.05, 0.13798
4.9512, 52.8, 10.05, 0.13697
4.9517, 52.75, 10.05, 0.13593
4.9518, 52.7, 10.05, 0.1349
4.9523, 52.65, 10.05, 0.13385
4.9528, 52.6, 10.05, 0.13282
4.9532, 52.55, 10.05, 0.13136
4.9537, 52.45, 10.05, 0.12969
4.9541, 52.4, 10.05, 0.12822
4.9544, 52.3, 10.05, 0.12656
4.9547, 52.25, 10.05, 0.12551
4.9549, 52.15, 10.05, 0.12342
4.9551, 51.95, 10.05, 0.11997
4.9553, 52, 10.05, 0.11981
5.0053, 51.9, 10.05, 0.12167
5.0054, 53.15, 10.1, 0.14662
5.0057, 53.1, 10.1, 0.14517
5.0063, 53.05, 10.1, 0.14373
5.007, 53, 10.1, 0.14312
5.0077, 52.95, 10.1, 0.14166
5.0083, 52.9, 10.1, 0.14108
5.0089, 52.85, 10.1, 0.13961
5.0095, 52.8, 10.1, 0.13856
5.0101, 52.75, 10.1, 0.13755
5.0107, 52.7, 10.1, 0.13649
5.0112, 52.65, 10.1, 0.13549
5.0113, 52.6, 10.1, 0.1353
5.0118, 52.55, 10.1, 0.13383
5.0123, 52.5, 10.1, 0.13277
5.0128, 52.45, 10.1, 0.13217
5.0132, 52.35, 10.1, 0.12964
5.0136, 52.3, 10.1, 0.12861
5.014, 52.2, 10.1, 0.12648
5.0144, 52.15, 10.1, 0.12543
5.0146, 52.05, 10.1, 0.1229
5.0147, 51.8, 10.1, 0.12164
5.0148, 51.95, 10.1, 0.12077
5.0149, 51.85, 10.1, 0.11905
5.0649, 51.9, 10.1, 0.11971
5.0651, 53, 10.15, 0.14578
5.0655, 52.95, 10.15, 0.14433
5.0662, 52.9, 10.15, 0.14372
5.0669, 52.85, 10.15, 0.14227
5.0675, 52.8, 10.15, 0.14124
5.0681, 52.75, 10.15, 0.14019
5.0688, 52.7, 10.15, 0.13959
5.0694, 52.65, 10.15, 0.13813
5.0699, 52.6, 10.15, 0.13751
5.0705, 52.55, 10.15, 0.13647
5.071, 52.5, 10.15, 0.13542
5.0716, 52.4, 10.15, 0.13247
5.0721, 52.35, 10.15, 0.13185
5.0726, 52.3, 10.15, 0.13124
5.0731, 52.2, 10.15, 0.1287
5.0735, 52.15, 10.15, 0.12764
5.0738, 52.05, 10.15, 0.12552
5.0741, 51.95, 10.15, 0.12384
5.0743, 51.85, 10.15, 0.1217
5.0744, 51.75, 10.15, 0.11921
5.1244, 51.8, 10.15, 0.12064
5.1246, 52.9, 10.2, 0.14532
5.1249, 52.85, 10.2, 0.1447
5.1256, 52.8, 10.2, 0.14324
5.1263, 52.75, 10.2, 0.14264
5.127, 52.7, 10.2, 0.14117
5.1276, 52.65, 10.2, 0.14011
5.1283, 52.6, 10.2, 0.1391
5.1289, 52.55, 10.2, 0.13805
5.1295, 52.5, 10.2, 0.13701
5.13, 52.45, 10.2, 0.13595
5.1302, 52.4, 10.2, 0.13575
5.1307, 52.35, 10.2, 0.13429
5.1312, 52.3, 10.2, 0.13323
5.1317, 52.25, 10.2, 0.13175
5.1318, 52.2, 10.2, 0.13157
5.1323, 52.15, 10.2, 0.13008
5.1327, 52.05, 10.2, 0.12794
5.1331, 52, 10.2, 0.12687
5.1334, 51.35, 10.2, 0.12646
5.1335, 51.9, 10.2, 0.12476
5.1337, 51.8, 10.2, 0.12261
5.1338, 51.65, 10.2, 0.11896
5.1838, 51.6, 10.2, 0.12004
5.1841, 52.8, 10.25, 0.14602
5.1842, 52.75, 10.25, 0.14496
5.1849, 52.7, 10.25, 0.14393
5.1856, 52.65, 10.25, 0.14287
5.1863, 52.6, 10.25, 0.14183
5.1869, 52.55, 10.25, 0.14079
5.1876, 52.5, 10.25, 0.13973
5.1882, 52.45, 10.25, 0.1387
5.1888, 52.4, 10.25, 0.13763
5.1894, 52.35, 10.25, 0.13571
5.1901, 52.25, 10.25, 0.13446
5.1907, 52.2, 10.25, 0.13341
5.1912, 52.1, 10.25, 0.13086
5.1922, 52, 10.25, 0.12874
5.1926, 51.85, 10.25, 0.12552
5.193, 51.75, 10.25, 0.12425
5.1931, 51.35, 10.25, 0.12421
5.1932, 51.5, 10.25, 0.12034
5.1934, 51.55, 10.25, 0.11908
5.2434, 51.6, 10.25, 0.12015
5.2435, 52.7, 10.3, 0.14612
5.2444, 52.6, 10.3, 0.14403
5.2451, 52.55, 10.3, 0.14298
5.2458, 52.5, 10.3, 0.14194
5.2465, 52.45, 10.3, 0.14088
5.2471, 52.4, 10.3, 0.13981
5.2474, 52.35, 10.3, 0.13878
5.248, 52.3, 10.3, 0.13728
5.2486, 52.25, 10.3, 0.13665
5.2492, 52.2, 10.3, 0.13516
5.2498, 52.15, 10.3, 0.13453
5.2499, 52.1, 10.3, 0.13391
5.2504, 52.05, 10.3, 0.13241
5.2509, 52, 10.3, 0.13092
5.251, 51.95, 10.3, 0.13027
5.2515, 51.85, 10.3, 0.12813
5.252, 51.8, 10.3, 0.12661
5.2523, 51.65, 10.3, 0.12383
5.2526, 51.55, 10.3, 0.12168
5.2527, 51.4, 10.3, 0.11965
5.2528, 51.45, 10.3, 0.11906
5.3028, 51.5, 10.3, 0.12014
5.3029, 51.35, 10.3, 0.12051
5.303, 52.55, 10.35, 0.14484
5.3037, 52.5, 10.35, 0.14378
5.3044, 52.45, 10.35, 0.14275
5.3051, 52.4, 10.35, 0.14168
5.3058, 52.35, 10.35, 0.14104
5.3061, 52.3, 10.35, 0.14
5.3067, 52.25, 10.35, 0.13894
5.3074, 52.2, 10.35, 0.13786
5.308, 52.15, 10.35, 0.13594
5.3086, 52.1, 10.35, 0.13576
5.3088, 52.05, 10.35, 0.13468
5.3093, 52, 10.35, 0.13361
5.3099, 51.95, 10.35, 0.13212
5.31, 51.9, 10.35, 0.13104
5.3105, 51.85, 10.35, 0.13041
5.3106, 51.8, 10.35, 0.12889
5.311, 51.75, 10.35, 0.1278
5.3115, 51.6, 10.35, 0.12456
5.3118, 51.15, 10.35, 0.12343
5.312, 51.2, 10.35, 0.12215
5.3121, 51.4, 10.35, 0.12022
5.3123, 51.3, 10.35, 0.11909
5.3623, 52.45, 10.4, 0.14502
5.3628, 52.4, 10.4, 0.14395
5.3635, 52.35, 10.4, 0.14246
5.3643, 52.3, 10.4, 0.14228
5.365, 52.25, 10.4, 0.1412
5.3657, 52.2, 10.4, 0.13972
5.3659, 52.15, 10.4, 0.13866
5.3666, 52.1, 10.4, 0.13758
5.3672, 52.05, 10.4, 0.13693
5.3679, 52, 10.4, 0.13544
5.368, 51.95, 10.4, 0.13393
5.3686, 51.9, 10.4, 0.13329
5.3692, 51.85, 10.4, 0.13267
5.3693, 51.8, 10.4, 0.13158
5.3698, 51.75, 10.4, 0.1305
5.3704, 51.6, 10.4, 0.1277
5.3707, 50.9, 10.4, 0.12726
5.3709, 51.5, 10.4, 0.12508
5.3712, 51.35, 10.4, 0.12181
5.3714, 51.2, 10.4, 0.11943
5.3715, 51.25, 10.4, 0.11874
5.4215, 51.3, 10.4, 0.12028
5.4216, 51.15, 10.4, 0.12029
5.4217, 52.35, 10.45, 0.14482
5.4222, 52.3, 10.45, 0.14333
5.4229, 52.25, 10.45, 0.14225
5.4237, 52.2, 10.45, 0.14162
5.424, 52.15, 10.45, 0.141
5.4247, 52.1, 10.45, 0.13992
5.4254, 52.05, 10.45, 0.13843
5.426, 52, 10.45, 0.13735
5.4269, 51.9, 10.45, 0.13476
5.4275, 51.85, 10.45, 0.13368
5.4277, 51.8, 10.45, 0.13347
5.4282, 51.75, 10.45, 0.13154
5.4284, 51.7, 10.45, 0.13131
5.4289, 51.65, 10.45, 0.13024
5.4294, 51.6, 10.45, 0.12826
5.4295, 51.55, 10.45, 0.12805
5.43, 51.4, 10.45, 0.1248
5.4304, 51.25, 10.45, 0.12106
5.4306, 51.1, 10.45, 0.11901
5.4806, 51.15, 10.45, 0.11931
5.4807, 51.05, 10.45, 0.11943
5.4809, 52.25, 10.5, 0.14484
5.4813, 52.2, 10.5, 0.14421
5.4821, 52.15, 10.5, 0.14314
5.4828, 52.1, 10.5, 0.14164
5.4831, 52.05, 10.5, 0.14056
5.4839, 52, 10.5, 0.13992
5.4846, 51.95, 10.5, 0.13886
5.4848, 51.9, 10.5, 0.13734
5.4855, 51.85, 10.5, 0.13625
5.4861, 51.8, 10.5, 0.13561
5.4863, 51.75, 10.5, 0.1341
5.4876, 51.65, 10.5, 0.13236
5.4877, 51.6, 10.5, 0.13083
5.4882, 51.55, 10.5, 0.13018
5.4883, 51.5, 10.5, 0.12864
5.4889, 51.4, 10.5, 0.1269
5.489, 51.35, 10.5, 0.12582
5.4894, 51.25, 10.5, 0.12362
5.4897, 51.05, 10.5, 0.11921
5.4901, 51, 10.5, 0.11883
5.5401, 52.15, 10.55, 0.14495
5.5402, 52.1, 10.55, 0.14387
5.541, 52.05, 10.55, 0.1428
5.5426, 51.95, 10.55, 0.14064
5.5429, 51.9, 10.55, 0.13999
5.5436, 51.85, 10.55, 0.13849
5.5443, 51.8, 10.55, 0.13742
5.5445, 51.75, 10.55, 0.13676
5.5452, 51.7, 10.55, 0.13523
5.5458, 51.65, 10.55, 0.13413
5.546, 51.6, 10.55, 0.1335
5.5466, 51.55, 10.55, 0.13196
5.5468, 51.5, 10.55, 0.13131
5.5474, 51.45, 10.55, 0.12977
5.5475, 51.4, 10.55, 0.12912
5.548, 51.35, 10.55, 0.12802
5.5481, 51.25, 10.55, 0.12537
5.5486, 51.15, 10.55, 0.12318
5.5489, 50.95, 10.55, 0.11873
5.599, 50.85, 10.55, 0.12006
5.5992, 52.1, 10.6, 0.14609
5.5994, 52, 10.6, 0.14395
5.6002, 51.95, 10.6, 0.14285
5.6013, 51.85, 10.6, 0.14026
5.6021, 51.8, 10.6, 0.13917
5.6028, 51.75, 10.6, 0.13898
5.6031, 51.7, 10.6, 0.13744
5.6038, 51.65, 10.6, 0.13635
5.6045, 51.6, 10.6, 0.13526
5.6047, 51.55, 10.6, 0.13416
5.6053, 51.5, 10.6, 0.13351
5.6055, 51.45, 10.6, 0.13197
5.6061, 51.4, 10.6, 0.13132
5.6063, 51.35, 10.6, 0.12977
5.6068, 51.3, 10.6, 0.12911
5.6069, 51.25, 10.6, 0.12802
5.607, 51.2, 10.6, 0.12601
5.6075, 51.15, 10.6, 0.12535
5.6076, 51.05, 10.6, 0.12314
5.6079, 50.8, 10.6, 0.11869
5.608, 50.85, 10.6, 0.11823
5.658, 50.75, 10.6, 0.12
5.6583, 51.9, 10.65, 0.14355
5.6592, 51.85, 10.65, 0.14246
5.66, 51.8, 10.65, 0.14181
5.6608, 51.75, 10.65, 0.14072
5.6611, 51.7, 10.65, 0.13965
5.6618, 51.65, 10.65, 0.1381
5.6621, 51.6, 10.65, 0.13701
5.6628, 51.55, 10.65, 0.13591
5.6635, 51.5, 10.65, 0.13481
5.6637, 51.45, 10.65, 0.13417
5.6644, 51.4, 10.65, 0.13261
5.6646, 51.35, 10.65, 0.13196
5.6654, 51.25, 10.65, 0.1293
5.6655, 51.2, 10.65, 0.12865
5.6661, 51.15, 10.65, 0.12753
5.6662, 51.05, 10.65, 0.12531
5.6667, 51, 10.65, 0.12375
5.6668, 50.85, 10.65, 0.12084
5.667, 50.65, 10.65, 0.12042
5.6671, 50.7, 10.65, 0.11864
5.6672, 50.75, 10.65, 0.11769
5.7172, 51.85, 10.7, 0.14474
5.7175, 51.8, 10.7, 0.14364
5.7183, 51.75, 10.7, 0.14255
5.7192, 51.7, 10.7, 0.14058
5.7195, 51.65, 10.7, 0.14038
5.7203, 51.6, 10.7, 0.13928
5.7206, 51.55, 10.7, 0.13818
5.7213, 51.5, 10.7, 0.13709
5.7221, 51.45, 10.7, 0.13508
5.7223, 51.4, 10.7, 0.13488
5.723, 51.35, 10.7, 0.13288
5.7232, 51.3, 10.7, 0.13267
5.7234, 51.25, 10.7, 0.13157
5.7241, 51.2, 10.7, 0.13046
5.7242, 51.15, 10.7, 0.12935
5.7248, 51.1, 10.7, 0.12778
5.725, 51.05, 10.7, 0.12711
5.7251, 51, 10.7, 0.12601
5.7256, 50.95, 10.7, 0.1249
5.7257, 50.8, 10.7, 0.12153
5.7258, 50.75, 10.7, 0.12085
5.7261, 50.6, 10.7, 0.11868
5.7262, 50.65, 10.7, 0.11814
5.7762, 51.75, 10.75, 0.14466
5.7764, 51.7, 10.75, 0.14356
5.7773, 51.65, 10.75, 0.14247
5.7781, 51.6, 10.75, 0.14137
5.7785, 51.55, 10.75, 0.14026
5.7793, 51.5, 10.75, 0.13874
5.7796, 51.45, 10.75, 0.13762
5.7804, 51.4, 10.75, 0.13652
5.7806, 51.35, 10.75, 0.13541
5.7814, 51.3, 10.75, 0.13431
5.7816, 51.25, 10.75, 0.13408
5.7823, 51.2, 10.75, 0.13253
5.7825, 51.15, 10.75, 0.13186
5.7832, 51.1, 10.75, 0.13031
5.7833, 51.05, 10.75, 0.1292
5.7835, 51, 10.75, 0.12807
5.7841, 50.95, 10.75, 0.1265
5.7842, 50.9, 10.75, 0.12582
5.7843, 50.85, 10.75, 0.12516
5.7844, 50.8, 10.75, 0.12358
5.7846, 50.35, 10.75, 0.12303
5.7847, 50.4, 10.75, 0.12169
5.7848, 50.45, 10.75, 0.12036
5.7849, 50.55, 10.75, 0.11792
5.7869, 50.5, 10.75, 0.11901
5.787, 50.55, 10.75, 0.11792
5.8349, 50.6, 10.75, 0.11907
5.835, 51.65, 10.8, 0.14419
5.8356, 51.6, 10.8, 0.14354
5.836, 51.55, 10.8, 0.142
5.8377, 51.45, 10.8, 0.1398
5.838, 51.4, 10.8, 0.13868
5.8388, 51.35, 10.8, 0.13802
5.8391, 51.3, 10.8, 0.13646
5.8399, 51.25, 10.8, 0.13579
5.8402, 51.2, 10.8, 0.13424
5.8409, 51.15, 10.8, 0.13356
5.8411, 51.1, 10.8, 0.13246
5.8413, 51.05, 10.8, 0.13088
5.842, 51, 10.8, 0.13021
5.8422, 50.95, 10.8, 0.12864
5.8424, 50.9, 10.8, 0.12753
5.843, 50.85, 10.8, 0.12729
5.8431, 50.8, 10.8, 0.12572
5.8432, 50.75, 10.8, 0.12414
5.8436, 50.25, 10.8, 0.12348
5.8437, 50.3, 10.8, 0.12167
5.8438, 50.35, 10.8, 0.1208
5.8439, 50.45, 10.8, 0.11779
5.8939, 51.55, 10.85, 0.14459
5.8945, 51.5, 10.85, 0.14304
5.8949, 51.45, 10.85, 0.14193
5.8958, 51.4, 10.85, 0.14082
5.8966, 51.35, 10.85, 0.13971
5.897, 51.3, 10.85, 0.1386
5.8978, 51.25, 10.85, 0.13749
5.8981, 51.2, 10.85, 0.13638
5.8984, 51.15, 10.85, 0.13526
5.8992, 51.1, 10.85, 0.13413
5.8994, 51.05, 10.85, 0.13348
5.9001, 51, 10.85, 0.1319
5.9004, 50.95, 10.85, 0.13032
5.9006, 50.9, 10.85, 0.13009
5.9014, 49.95, 10.85, 0.12888
5.9016, 50.75, 10.85, 0.12626
5.9017, 50.7, 10.85, 0.12558
5.9018, 50.65, 10.85, 0.12445
5.9023, 50.1, 10.85, 0.12436
5.9024, 50.15, 10.85, 0.12302
5.9025, 50.5, 10.85, 0.12013
5.9026, 50.35, 10.85, 0.1181
5.9526, 51.5, 10.9, 0.14474
5.9527, 51.45, 10.9, 0.14453
5.9531, 51.4, 10.9, 0.14298
5.954, 51.35, 10.9, 0.14186
5.9545, 51.3, 10.9, 0.14075
5.9553, 51.25, 10.9, 0.13962
5.9557, 51.2, 10.9, 0.13851
5.9565, 51.15, 10.9, 0.13784
5.9568, 51.1, 10.9, 0.13581
5.9576, 51.05, 10.9, 0.13514
5.9579, 51, 10.9, 0.13357
5.9582, 50.95, 10.9, 0.13245
5.9589, 50.9, 10.9, 0.13178
5.9592, 50.85, 10.9, 0.13065
5.9594, 50.8, 10.9, 0.12905
5.96, 50.75, 10.9, 0.12792
5.9602, 50.7, 10.9, 0.12725
5.9604, 50.65, 10.9, 0.12657
5.9605, 50.6, 10.9, 0.12451
5.9608, 50, 10.9, 0.12439
5.9609, 50.1, 10.9, 0.12216
5.9613, 50.45, 10.9, 0.12156
5.9614, 50.15, 10.9, 0.1208
5.9615, 50.25, 10.9, 0.11811
6.0115, 51.35, 10.95, 0.14317
6.012, 51.3, 10.95, 0.14295
6.0129, 51.25, 10.95, 0.14095
6.0133, 51.2, 10.95, 0.14073
6.0142, 51.15, 10.95, 0.13871
6.0146, 51.1, 10.95, 0.13848
6.0154, 51.05, 10.95, 0.13646
6.0158, 51, 10.95, 0.13488
6.0169, 50.9, 10.95, 0.13304
6.0172, 50.85, 10.95, 0.13192
6.0174, 50.8, 10.95, 0.13172
6.0177, 50.75, 10.95, 0.1301
6.0184, 50.7, 10.95, 0.12852
6.0186, 50.65, 10.95, 0.12739
6.0188, 50.6, 10.95, 0.12716
6.019, 50.55, 10.95, 0.12603
6.0191, 50.5, 10.95, 0.12488
6.0195, 49.95, 10.95, 0.12363
6.0196, 50, 10.95, 0.12272
6.0197, 50.45, 10.95, 0.12236
6.0198, 50.4, 10.95, 0.12167
6.0199, 50.35, 10.95, 0.12051
6.02, 50.3, 10.95, 0.11935
6.0201, 50.25, 10.95, 0.11777
6.0701, 51.25, 11, 0.14299
6.0711, 51.2, 11, 0.1423
6.0715, 51.15, 11, 0.14073
6.0724, 51.1, 11, 0.13959
6.0728, 51.05, 11, 0.13847
6.0732, 51, 11, 0.13735
6.0741, 50.95, 11, 0.13668
6.0744, 50.9, 11, 0.13509
6.0748, 50.85, 11, 0.13441
6.0756, 50.8, 11, 0.13327
6.0761, 50.7, 11, 0.13054
6.0764, 50.65, 11, 0.12986
6.0771, 50.6, 11, 0.12871
6.0773, 50.55, 11, 0.12759
6.0775, 50.5, 11, 0.12689
6.0777, 50.45, 11, 0.12482
6.0779, 50.4, 11, 0.12412
6.078, 50.35, 11, 0.12252
6.0782, 50.3, 11, 0.12137
6.0783, 50.2, 11, 0.11953
6.0784, 50.15, 11, 0.11789
6.0785, 50.1, 11, 0.11679
6.1285, 51.2, 11.05, 0.14398
6.1289, 51.15, 11.05, 0.14238
6.1294, 51.1, 11.05, 0.14126
6.1303, 51.05, 11.05, 0.14013
6.1308, 51, 11.05, 0.13946
6.1317, 50.95, 11.05, 0.13788
6.1321, 50.9, 11.05, 0.13765
6.1325, 50.85, 11.05, 0.13651
6.1333, 50.8, 11.05, 0.13493
6.1337, 50.75, 11.05, 0.13333
6.134, 50.7, 11.05, 0.13308
6.1343, 50.65, 11.05, 0.13195
6.135, 50.6, 11.05, 0.13035
6.1353, 50.55, 11.05, 0.12874
6.1356, 50.5, 11.05, 0.12851
6.1358, 50.45, 11.05, 0.12737
6.136, 50.4, 11.05, 0.12621
6.1362, 50.35, 11.05, 0.12507
6.1364, 50.3, 11.05, 0.1239
6.1365, 50.25, 11.05, 0.12274
6.1368, 50.15, 11.05, 0.12043
6.1369, 50.1, 11.05, 0.11928
6.137, 50, 11.05, 0.11728
6.187, 49.95, 11.05, 0.11909
6.1875, 51.05, 11.1, 0.14224
6.1884, 51, 11.1, 0.14156
6.1889, 50.95, 11.1, 0.13996
6.1898, 50.9, 11.1, 0.13929
6.1903, 50.85, 11.1, 0.13816
6.1907, 50.8, 11.1, 0.13654
6.1911, 50.75, 11.1, 0.13586
6.1919, 50.7, 11.1, 0.13472
6.1923, 50.65, 11.1, 0.13359
6.1926, 50.6, 11.1, 0.13244
6.1929, 50.55, 11.1, 0.13127
6.1937, 50.5, 11.1, 0.13014
6.194, 50.45, 11.1, 0.12944
6.1942, 50.4, 11.1, 0.12783
6.1945, 50.35, 11.1, 0.12713
6.1949, 50.25, 11.1, 0.12482
6.1951, 50.2, 11.1, 0.12273
6.1954, 50.1, 11.1, 0.12087
6.1955, 50.05, 11.1, 0.12017
6.1956, 50, 11.1, 0.11854
6.1957, 49.95, 11.1, 0.11737
6.2457, 49.9, 11.1, 0.11777
6.2472, 50.9, 11.15, 0.14046
6.2476, 50.85, 11.15, 0.14022
6.2481, 50.8, 11.15, 0.13909
6.249, 50.75, 11.15, 0.13794
6.2494, 50.7, 11.15, 0.13588
6.2499, 50.65, 11.15, 0.13519
6.2502, 50.6, 11.15, 0.1345
6.2511, 50.55, 11.15, 0.13336
6.2514, 50.5, 11.15, 0.13128
6.2517, 50.45, 11.15, 0.13105
6.2521, 50.4, 11.15, 0.12989
6.2523, 50.35, 11.15, 0.12873
6.2526, 50.3, 11.15, 0.12757
6.2529, 50.25, 11.15, 0.12641
6.2531, 50.2, 11.15, 0.12526
6.2533, 50.15, 11.15, 0.12408
6.2535, 50.1, 11.15, 0.12292
6.2537, 50.05, 11.15, 0.12175
6.2538, 50, 11.15, 0.1206
6.2539, 49.95, 11.15, 0.11943
6.2541, 49.85, 11.15, 0.11708
6.3042, 49.75, 11.15, 0.11966
6.3061, 50.75, 11.2, 0.13873
6.3075, 50.65, 11.2, 0.13687
6.3079, 50.6, 11.2, 0.13574
6.3084, 50.55, 11.2, 0.13455
6.3088, 50.5, 11.2, 0.13433
6.3096, 50.45, 11.2, 0.13226
6.31, 50.4, 11.2, 0.13108
6.3103, 50.35, 11.2, 0.12993
6.3106, 50.3, 11.2, 0.12923
6.3109, 50.25, 11.2, 0.12762
6.3112, 50.2, 11.2, 0.12644
6.3114, 50.15, 11.2, 0.12529
6.3117, 50.1, 11.2, 0.12412
6.3119, 50.05, 11.2, 0.12295
6.3121, 50, 11.2, 0.12223
6.3123, 49.75, 11.2, 0.11753
6.3127, 49.8, 11.2, 0.11707
6.3648, 50.65, 11.25, 0.13886
6.3653, 50.6, 11.25, 0.13771
6.3657, 50.55, 11.25, 0.13656
6.3666, 50.5, 11.25, 0.13539
6.3671, 50.45, 11.25, 0.13423
6.3675, 50.4, 11.25, 0.13354
6.3678, 50.35, 11.25, 0.13191
6.3682, 50.3, 11.25, 0.13076
6.3686, 50.25, 11.25, 0.13005
6.3689, 50.2, 11.25, 0.12842
6.3695, 50.1, 11.25, 0.12608
6.3697, 50.05, 11.25, 0.12538
6.37, 50, 11.25, 0.12374
6.3702, 49.95, 11.25, 0.12304
6.3704, 49.5, 11.25, 0.12163
6.3706, 49.85, 11.25, 0.1202
6.3707, 49.65, 11.25, 0.11704
6.371, 49.7, 11.25, 0.11666
6.4236, 50.5, 11.3, 0.13698
6.4246, 50.45, 11.3, 0.13582
6.425, 50.4, 11.3, 0.13512
6.4255, 50.35, 11.3, 0.13349
6.4259, 50.3, 11.3, 0.13278
6.4263, 50.25, 11.3, 0.13162
6.4266, 50.2, 11.3, 0.13092
6.427, 50.15, 11.3, 0.12976
6.4273, 50.1, 11.3, 0.12858
6.428, 49.2, 11.3, 0.12776
6.4282, 49.95, 11.3, 0.12459
6.4285, 49.9, 11.3, 0.12341
6.4287, 49.85, 11.3, 0.12222
6.4288, 49.7, 11.3, 0.11867
6.4289, 49.65, 11.3, 0.11797
6.4291, 49.6, 11.3, 0.1163
6.4791, 49.55, 11.3, 0.1176
6.4817, 50.45, 11.35, 0.13787
6.4822, 50.4, 11.35, 0.13669
6.4827, 50.35, 11.35, 0.13553
6.4831, 50.3, 11.35, 0.13437
6.4836, 50.25, 11.35, 0.13319
6.4845, 50.2, 11.35, 0.13202
6.4849, 50.15, 11.35, 0.13131
6.4856, 50.05, 11.35, 0.12897
6.4858, 49.95, 11.35, 0.12614
6.4861, 49.9, 11.35, 0.12542
6.4864, 49.85, 11.35, 0.12378
6.4866, 49.8, 11.35, 0.12258
6.4869, 49.75, 11.35, 0.12186
6.487, 49.6, 11.35, 0.11831
6.4872, 49.55, 11.35, 0.11666
6.5372, 49.45, 11.35, 0.11863
6.54, 50.35, 11.4, 0.13756
6.5405, 50.3, 11.4, 0.13641
6.541, 50.25, 11.4, 0.13521
6.5414, 50.2, 11.4, 0.13359
6.5424, 50.15, 11.4, 0.13239
6.5428, 50.1, 11.4, 0.13123
6.5432, 50.05, 11.4, 0.13004
6.5435, 49.95, 11.4, 0.12815
6.5438, 49.9, 11.4, 0.12743
6.5441, 49.85, 11.4, 0.12577
6.5444, 49.8, 11.4, 0.12507
6.5447, 49.75, 11.4, 0.12387
6.545, 49.6, 11.4, 0.1203
6.5452, 49.4, 11.4, 0.11733
6.5456, 49.45, 11.4, 0.11625
6.5984, 50.25, 11.45, 0.13637
6.5989, 50.2, 11.45, 0.13566
6.5994, 50.15, 11.45, 0.13402
6.5999, 50.1, 11.45, 0.13329
6.6004, 50.05, 11.45, 0.13165
6.6008, 50, 11.45, 0.13095
6.6012, 49.95, 11.45, 0.12973
6.6016, 49.9, 11.45, 0.12857
6.602, 49.85, 11.45, 0.12738
6.6023, 49.8, 11.45, 0.12571
6.6027, 49.75, 11.45, 0.125
6.6028, 49.65, 11.45, 0.12355
6.6031, 49.6, 11.45, 0.12143
6.6033, 49.3, 11.45, 0.11845
6.6035, 49.4, 11.45, 0.11663
6.6036, 49.35, 11.45, 0.1161
6.6566, 50.15, 11.5, 0.13595
6.6571, 50.1, 11.5, 0.13523
6.6576, 50.05, 11.5, 0.13358
6.6581, 50, 11.5, 0.13287
6.6585, 49.95, 11.5, 0.13121
6.659, 49.9, 11.5, 0.13049
6.6594, 49.85, 11.5, 0.12931
6.6598, 49.8, 11.5, 0.12812
6.6605, 49.7, 11.5, 0.12524
6.6606, 48.95, 11.5, 0.12502
6.6607, 49.6, 11.5, 0.12334
6.661, 49.55, 11.5, 0.12214
6.6612, 49.15, 11.5, 0.11942
6.6613, 49.4, 11.5, 0.11853
6.6614, 49.25, 11.5, 0.11711
6.6617, 49.3, 11.5, 0.11611
6.7149, 50.05, 11.55, 0.13557
6.7154, 50, 11.55, 0.1344
6.7159, 49.95, 11.55, 0.13319
6.7164, 49.9, 11.55, 0.13203
6.7169, 49.85, 11.55, 0.13082
6.7173, 49.8, 11.55, 0.13009
6.7177, 49.75, 11.55, 0.12844
6.7181, 49.65, 11.55, 0.12651
6.7184, 49.6, 11.55, 0.12532
6.7189, 48.95, 11.55, 0.12331
6.7191, 49.5, 11.55, 0.12291
6.7192, 49.3, 11.55, 0.11761
6.7195, 49.25, 11.55, 0.11639
6.7197, 49.2, 11.55, 0.11582
6.7734, 49.9, 11.6, 0.13353
6.7739, 49.85, 11.6, 0.1328
6.7744, 49.8, 11.6, 0.13114
6.7749, 49.75, 11.6, 0.13041
6.7753, 49.7, 11.6, 0.12968
6.7758, 49.65, 11.6, 0.12802
6.7761, 49.55, 11.6, 0.12561
6.7765, 49.5, 11.6, 0.1244
6.7767, 49.4, 11.6, 0.12247
6.7769, 48.9, 11.6, 0.12207
6.777, 49.35, 11.6, 0.12078
6.7771, 49.25, 11.6, 0.11882
6.7773, 49.1, 11.6, 0.11645
6.7775, 49.15, 11.6, 0.11638
6.8316, 49.8, 11.65, 0.13312
6.8321, 49.75, 11.65, 0.13239
6.8326, 49.7, 11.65, 0.1307
6.8331, 49.65, 11.65, 0.12904
6.8335, 49.55, 11.65, 0.12757
6.8339, 49.5, 11.65, 0.12636
6.8343, 49.45, 11.65, 0.1242
6.8346, 49.35, 11.65, 0.12274
6.8349, 48.9, 11.65, 0.11986
6.835, 49, 11.65, 0.11705
6.8353, 49.05, 11.65, 0.11591
6.8894, 49.75, 11.7, 0.13299
6.89, 49.65, 11.7, 0.13198
6.8905, 49.6, 11.7, 0.12937
6.891, 49.55, 11.7, 0.12865
6.8914, 49.45, 11.7, 0.12716
6.8918, 49.4, 11.7, 0.12499
6.8922, 49.35, 11.7, 0.12377
6.8925, 49.25, 11.7, 0.12135
6.8927, 49.15, 11.7, 0.11986
6.893, 49, 11.7, 0.11523
6.943, 48.95, 11.7, 0.11633
6.9474, 49.65, 11.75, 0.13247
6.9475, 49.6, 11.75, 0.13175
6.948, 49.55, 11.75, 0.13053
6.9485, 49.5, 11.75, 0.12931
6.9494, 49.35, 11.75, 0.12567
6.9498, 49.25, 11.75, 0.12322
6.9501, 48.65, 11.75, 0.12307
6.9502, 49.2, 11.75, 0.122
6.9504, 49.1, 11.75, 0.12004
6.9505, 49, 11.75, 0.11759
6.9506, 48.9, 11.75, 0.1155
7.0006, 48.95, 11.75, 0.11635
7.0008, 48.85, 11.75, 0.11739
7.0051, 49.55, 11.8, 0.13248
7.0056, 49.5, 11.8, 0.13077
7.0062, 49.4, 11.8, 0.12883
7.0067, 49.35, 11.8, 0.12714
7.0071, 49.25, 11.8, 0.12516
7.0076, 49.2, 11.8, 0.12346
7.0079, 49.1, 11.8, 0.12197
7.0081, 49, 11.8, 0.11951
7.0083, 48.9, 11.8, 0.11704
7.0084, 48.8, 11.8, 0.11661
7.0086, 48.85, 11.8, 0.11532
7.0629, 49.45, 11.85, 0.13103
7.0635, 49.35, 11.85, 0.12906
7.0641, 49.3, 11.85, 0.12783
7.0646, 49.2, 11.85, 0.12539
7.065, 49.15, 11.85, 0.12368
7.0654, 49.05, 11.85, 0.12121
7.0658, 48.7, 11.85, 0.11729
7.0659, 48.85, 11.85, 0.11673
7.066, 48.75, 11.85, 0.11539
7.116, 48.8, 11.85, 0.11598
7.1209, 49.35, 11.9, 0.13098
7.121, 49.3, 11.9, 0.12929
7.1215, 49.25, 11.9, 0.12807
7.1221, 49.15, 11.9, 0.12558
7.1225, 49.05, 11.9, 0.1236
7.1229, 48.95, 11.9, 0.12114
7.1232, 48.85, 11.9, 0.11866
7.1233, 48.6, 11.9, 0.11796
7.1234, 48.75, 11.9, 0.11616
7.1237, 48.7, 11.9, 0.11511
7.1786, 49.25, 11.95, 0.12952
7.1787, 49.2, 11.95, 0.12881
7.1792, 49.15, 11.95, 0.12659
7.1797, 49.1, 11.95, 0.12535
7.1798, 49.05, 11.95, 0.12508
7.1802, 48.95, 11.95, 0.1226
7.1805, 48.4, 11.95, 0.12205
7.1807, 48.9, 11.95, 0.12039
7.1808, 48.7, 11.95, 0.11686
7.1809, 48.6, 11.95, 0.11631
7.1811, 48.65, 11.95, 0.11463
7.2352, 49.25, 12, 0.13092
7.2358, 49.2, 12, 0.13065
7.2359, 49.15, 12, 0.12941
7.2365, 49.1, 12, 0.12769
7.237, 49.05, 12, 0.12693
7.2375, 48.15, 12, 0.12656
7.2376, 48.9, 12, 0.12272
7.2379, 48.75, 12, 0.11947
7.2382, 48.65, 12, 0.11696
7.2383, 48.5, 12, 0.11647
7.2385, 48.55, 12, 0.11551
7.2885, 48.6, 12, 0.1157
7.2931, 49.15, 12.05, 0.13083
7.2932, 49.1, 12.05, 0.12959
7.2938, 49.05, 12.05, 0.12786
7.2939, 49, 12.05, 0.1271
7.2945, 48.9, 12.05, 0.12461
7.295, 48.85, 12.05, 0.12288
7.2951, 48.8, 12.05, 0.12211
7.2952, 48.25, 12.05, 0.1215
7.2954, 48.65, 12.05, 0.11837
7.2956, 48.5, 12.05, 0.11477
7.3456, 48.55, 12.05, 0.11584
7.3457, 48.45, 12.05, 0.11621
7.3502, 49.05, 12.1, 0.12976
7.3508, 49, 12.1, 0.12851
7.3514, 48.95, 12.1, 0.12726
7.3515, 48.9, 12.1, 0.12602
7.3516, 48.85, 12.1, 0.12478
7.3521, 48.8, 12.1, 0.12351
7.3522, 48.75, 12.1, 0.12227
7.3525, 48.2, 12.1, 0.12126
7.3526, 48.6, 12.1, 0.11848
7.3529, 48.45, 12.1, 0.11519
7.3532, 48.4, 12.1, 0.11498
7.408, 48.95, 12.15, 0.12818
7.4087, 48.85, 12.15, 0.12663
7.4088, 48.8, 12.15, 0.12489
7.4093, 48, 12.15, 0.12442
7.4094, 48.7, 12.15, 0.12237
7.4099, 48.5, 12.15, 0.11782
7.41, 48.3, 12.15, 0.11618
7.4102, 48.4, 12.15, 0.11482
7.4603, 48.25, 12.15, 0.11812
7.4652, 48.9, 12.2, 0.12786
7.4655, 48.8, 12.2, 0.1268
7.4661, 48.75, 12.2, 0.12553
7.4662, 48.7, 12.2, 0.12429
7.4665, 47.95, 12.2, 0.12424
7.4667, 48, 12.2, 0.12327
7.4668, 48.55, 12.2, 0.12051
7.4671, 48.1, 12.2, 0.11989
7.4672, 48.35, 12.2, 0.11591
7.4675, 48.25, 12.2, 0.11502
7.4676, 48.3, 12.2, 0.11368
7.5229, 48.75, 12.25, 0.12688
7.5231, 48.65, 12.25, 0.12437
7.5237, 48.6, 12.25, 0.12311
7.5238, 48.5, 12.25, 0.12056
7.5243, 48.25, 12.25, 0.11468
7.5743, 48.2, 12.25, 0.11475
7.5792, 48.75, 12.3, 0.12778
7.58, 48.65, 12.3, 0.12622
7.5802, 48.6, 12.3, 0.12446
7.5803, 48.55, 12.3, 0.12369
7.5807, 47.85, 12.3, 0.12331
7.5808, 47.9, 12.3, 0.12183
7.581, 48.35, 12.3, 0.11859
7.5811, 48, 12.3, 0.11841
7.5813, 48.05, 12.3, 0.11696
7.5814, 48.15, 12.3, 0.11403
7.6315, 48.3, 12.3, 0.11779
7.6367, 48.6, 12.35, 0.12631
7.6372, 47.7, 12.35, 0.12555
7.6373, 48.55, 12.35, 0.12504
7.6375, 48.5, 12.35, 0.12376
7.6376, 47.8, 12.35, 0.12261
7.6377, 48.4, 12.35, 0.1212
7.6382, 48, 12.35, 0.11674
7.6383, 48.05, 12.35, 0.11527
7.6883, 48.2, 12.35, 0.11609
7.6884, 47.95, 12.35, 0.11821
7.6934, 48.55, 12.4, 0.12639
7.6941, 48.5, 12.4, 0.12513
7.6943, 48.45, 12.4, 0.12383
7.6944, 48.4, 12.4, 0.12304
7.6945, 48.35, 12.4, 0.12128
7.6949, 47.8, 12.4, 0.12094
7.695, 47.85, 12.4, 0.11898
7.6951, 47.9, 12.4, 0.11751
7.6952, 48, 12.4, 0.11555
7.6953, 48.05, 12.4, 0.11453
7.7503, 48.5, 12.45, 0.12649
7.7509, 47.55, 12.45, 0.12574
7.7511, 48.4, 12.45, 0.12394
7.7513, 48.35, 12.45, 0.12264
7.7514, 48.3, 12.45, 0.12135
7.7516, 48.25, 12.45, 0.12008
7.7517, 48.15, 12.45, 0.11848
7.7521, 47.8, 12.45, 0.11833
7.7522, 47.85, 12.45, 0.11736
7.7523, 48, 12.45, 0.11411
7.8074, 48.4, 12.5, 0.12572
7.8076, 48.35, 12.5, 0.12394
7.8078, 48.3, 12.5, 0.12314
7.808, 48.25, 12.5, 0.12186
7.8087, 48.15, 12.5, 0.11927
7.8088, 48.1, 12.5, 0.11847
7.8089, 48.05, 12.5, 0.11668
7.809, 47.9, 12.5, 0.11368
7.8641, 47.4, 12.55, 0.12635
7.8642, 48.3, 12.55, 0.12496
7.8644, 48.25, 12.55, 0.12368
7.8646, 48.2, 12.55, 0.12237
7.8648, 48.15, 12.55, 0.1206
7.8652, 47.7, 12.55, 0.11742
7.8656, 48, 12.55, 0.11718
7.8657, 47.95, 12.55, 0.11539
7.8658, 47.8, 12.55, 0.11446
7.9207, 48.3, 12.6, 0.12578
7.9209, 48.25, 12.6, 0.12498
7.9211, 48.2, 12.6, 0.12369
7.9214, 48.15, 12.6, 0.1219
7.9215, 48.1, 12.6, 0.1206
7.9217, 48.05, 12.6, 0.1193
7.9218, 48, 12.6, 0.11799
7.922, 47.95, 12.6, 0.11671
7.9221, 47.85, 12.6, 0.11457
7.9222, 47.8, 12.6, 0.11281
7.9772, 48.2, 12.65, 0.12499
7.9775, 48.15, 12.65, 0.12369
7.9777, 48.1, 12.65, 0.12239
7.9779, 48.05, 12.65, 0.12109
7.9781, 48, 12.65, 0.11978
7.9782, 47.95, 12.65, 0.11848
7.9784, 47.9, 12.65, 0.11717
7.9785, 47.85, 12.65, 0.11587
7.9786, 47.8, 12.65, 0.11455
7.9787, 47.75, 12.65, 0.11325
8.0339, 48.1, 12.7, 0.12374
8.0341, 48.05, 12.7, 0.12292
8.0343, 48, 12.7, 0.12111
8.0345, 47.95, 12.7, 0.12031
8.0347, 47.9, 12.7, 0.11896
8.0349, 47.85, 12.7, 0.11768
8.035, 47.8, 12.7, 0.11636
8.0351, 47.75, 12.7, 0.11504
8.0352, 47.7, 12.7, 0.11373
8.0353, 47.65, 12.7, 0.11345
8.0853, 47.55, 12.7, 0.11595
8.0904, 48.05, 12.75, 0.12368
8.0906, 48, 12.75, 0.12286
8.0909, 47.95, 12.75, 0.12105
8.0911, 47.9, 12.75, 0.12024
8.0913, 47.85, 12.75, 0.11843
8.0915, 47.6, 12.75, 0.11283
8.1415, 47.65, 12.75, 0.11365
8.1467, 47.95, 12.8, 0.12333
8.147, 47.9, 12.8, 0.12103
8.1475, 47.3, 12.8, 0.11959
8.1477, 47.75, 12.8, 0.11758
8.1478, 47.5, 12.8, 0.1141
8.1482, 47.55, 12.8, 0.11311
8.2029, 47.9, 12.85, 0.12279
8.2032, 47.85, 12.85, 0.12197
8.2035, 47.8, 12.85, 0.12016
8.2037, 47.75, 12.85, 0.11934
8.2039, 47.3, 12.85, 0.11847
8.204, 47.7, 12.85, 0.118
8.2041, 47.5, 12.85, 0.11268
8.2541, 47.55, 12.85, 0.11352
8.2592, 47.85, 12.9, 0.12324
8.2595, 47.8, 12.9, 0.12192
8.2598, 47.75, 12.9, 0.12059
8.26, 47.15, 12.9, 0.12034
8.2601, 47.7, 12.9, 0.11927
8.2602, 47.55, 12.9, 0.11528
8.2603, 47.35, 12.9, 0.1148
8.2604, 47.5, 12.9, 0.11446
8.2606, 47.45, 12.9, 0.11261
8.3106, 47.4, 12.9, 0.11329
8.3141, 60, 14.05, 0.08639
8.3573, 60, 14.1, 0.08602
8.4001, 60, 14.15, 0.08599
8.4259, 39.3, 13.45, 0
8.4759, 37.3, 13.7, 0
8.488, 59.95, 14.2, 0
8.5019, 39.55, 13.45, 0
8.5071, 59.9, 14.2, 0
8.5104, 59.85, 14.2, 0
8.5189, 59.3, 14.1, 0.08794
8.5237, 40.8, 13.35, 0.12032
8.5245, 36.8, 13.8, 0.12658
