1.7492, 59.75, 8, 0.41954
1.7811, 59.8, 8, 0.37024
1.8028, 59.85, 8, 0.34068
1.82, 59.9, 8, 0.31932
1.8344, 59.95, 8, 0.30274
1.8471, 60, 8, 0.28892
1.8971, 59.4, 8.05, 0.30608
1.9015, 59.45, 8.05, 0.29266
1.9135, 59.5, 8.05, 0.27998
1.924, 59.55, 8.05, 0.27004
1.9338, 59.6, 8.05, 0.2615
1.9429, 59.65, 8.05, 0.253
1.9513, 59.7, 8.05, 0.24588
2.0013, 60, 8.05, 0.25197
2.0045, 59.15, 8.1, 0.25072
2.0127, 59.2, 8.1, 0.24416
2.0206, 59.25, 8.1, 0.23832
2.0281, 59.3, 8.1, 0.2325
2.0348, 59.35, 8.1, 0.22808
2.0415, 59.4, 8.1, 0.223
2.0478, 59.45, 8.1, 0.21858
2.0534, 59.5, 8.1, 0.21488
2.059, 59.55, 8.1, 0.21118
2.0646, 59.6, 8.1, 0.20752
2.1146, 59, 8.15, 0.40352
2.1191, 59.05, 8.15, 0.23908
2.1245, 59.1, 8.15, 0.23323
2.1745, 58.5, 8.2, 0.3826
2.1769, 58.55, 8.2, 0.37282
2.1827, 58.6, 8.2, 0.36238
2.187, 59.9, 8.15, 0.35348
2.1898, 59.95, 8.15, 0.34459
2.1923, 60, 8.15, 0.33542
2.2423, 58.1, 8.25, 0.37454
2.2425, 59.3, 8.2, 0.37422
2.2455, 59.35, 8.2, 0.3644
2.2485, 59.4, 8.2, 0.35464
2.2515, 59.45, 8.2, 0.34492
2.2541, 59.5, 8.2, 0.33664
2.2596, 59.6, 8.2, 0.32084
2.2622, 59.65, 8.2, 0.31336
2.2643, 59.7, 8.2, 0.30658
2.2668, 59.75, 8.2, 0.29982
2.269, 59.8, 8.2, 0.29308
2.2711, 59.85, 8.2, 0.2871
2.2728, 59.9, 8.2, 0.2811
2.2749, 59.95, 8.2, 0.27512
2.2766, 60, 8.2, 0.26916
2.3266, 59, 8.25, 0.30089
2.333, 59.35, 8.25, 0.29804
2.3352, 59.4, 8.25, 0.29126
2.3371, 59.45, 8.25, 0.28518
2.3393, 59.5, 8.25, 0.27914
2.3414, 59.55, 8.25, 0.2745
2.3432, 59.6, 8.25, 0.26918
2.3449, 59.65, 8.25, 0.26388
2.3467, 59.7, 8.25, 0.25792
2.3484, 59.75, 8.25, 0.25336
2.3501, 59.8, 8.25, 0.24878
2.3514, 59.85, 8.25, 0.24426
2.3531, 59.9, 8.25, 0.23974
2.3543, 59.95, 8.25, 0.23524
2.3556, 60, 8.25, 0.23076
2.4056, 59, 8.3, 0.2611
2.4141, 59.35, 8.3, 0.25901
2.4155, 59.4, 8.3, 0.25372
2.4172, 59.45, 8.3, 0.24982
2.4186, 59.5, 8.3, 0.24525
2.4203, 59.55, 8.3, 0.24105
2.4216, 59.6, 8.3, 0.2365
2.423, 59.65, 8.3, 0.23268
2.4239, 59.7, 8.3, 0.22816
2.4252, 59.75, 8.3, 0.22437
2.4264, 59.8, 8.3, 0.22057
2.4273, 59.85, 8.3, 0.21679
2.4286, 59.9, 8.3, 0.21303
2.4294, 59.95, 8.3, 0.20927
2.4303, 60, 8.3, 0.20586
2.4803, 58.95, 8.35, 0.22733
2.4805, 59, 8.35, 0.22384
2.4907, 59.35, 8.35, 0.22326
2.492, 59.4, 8.35, 0.2194
2.4929, 59.45, 8.35, 0.2163
2.4942, 59.5, 8.35, 0.21246
2.4951, 59.55, 8.35, 0.2087
2.496, 59.6, 8.35, 0.2056
2.4969, 59.65, 8.35, 0.20254
2.4978, 59.7, 8.35, 0.19876
2.4986, 59.75, 8.35, 0.1957
2.4995, 59.8, 8.35, 0.19266
2.4999, 59.85, 8.35, 0.1896
2.5007, 59.9, 8.35, 0.1859
2.5011, 59.95, 8.35, 0.18356
2.5019, 60, 8.35, 0.18054
2.5519, 58.8, 8.4, 0.21564
2.5525, 58.85, 8.4, 0.2118
2.5539, 58.9, 8.4, 0.20836
2.5553, 58.95, 8.4, 0.20525
2.5567, 59, 8.4, 0.20215
2.5638, 59.35, 8.4, 0.20155
2.5647, 59.4, 8.4, 0.19881
2.5656, 59.45, 8.4, 0.19608
2.5664, 59.5, 8.4, 0.193
2.5669, 59.55, 8.4, 0.18962
2.5677, 59.6, 8.4, 0.18656
2.5681, 59.65, 8.4, 0.18388
2.5686, 59.7, 8.4, 0.1805
2.569, 59.75, 8.4, 0.17783
2.5697, 59.8, 8.4, 0.1755
2.5701, 59.9, 8.4, 0.1695
2.5705, 59.95, 8.4, 0.16684
2.5708, 60, 8.4, 0.1642
2.6208, 58.6, 8.45, 0.20242
2.622, 58.65, 8.45, 0.19932
2.6234, 58.7, 8.45, 0.19583
2.6245, 58.75, 8.45, 0.19346
2.6255, 58.8, 8.45, 0.19072
2.6265, 58.85, 8.45, 0.188
2.6279, 58.9, 8.45, 0.18458
2.6288, 58.95, 8.45, 0.18116
2.6298, 59, 8.45, 0.1785
2.6353, 59.4, 8.45, 0.17694
2.6357, 59.45, 8.45, 0.1739
2.6361, 59.5, 8.45, 0.17156
2.6365, 59.55, 8.45, 0.16856
2.6366, 59.6, 8.45, 0.16694
2.6369, 59.65, 8.45, 0.16392
2.6373, 59.7, 8.45, 0.16092
2.6376, 59.8, 8.45, 0.15636
2.6377, 59.95, 8.45, 0.1488
2.638, 60, 8.45, 0.14656
2.688, 58.35, 8.5, 0.19826
2.6894, 58.4, 8.5, 0.19513
2.6905, 58.45, 8.5, 0.19169
2.6916, 58.5, 8.5, 0.18928
2.6926, 58.55, 8.5, 0.18584
2.6936, 58.6, 8.5, 0.18381
2.6946, 58.65, 8.5, 0.18074
2.6956, 58.7, 8.5, 0.17769
2.6965, 58.75, 8.5, 0.17533
2.6975, 58.8, 8.5, 0.1723
2.698, 58.85, 8.5, 0.16994
2.6989, 58.9, 8.5, 0.16728
2.6995, 58.95, 8.5, 0.16493
2.7, 59, 8.5, 0.16226
2.703, 60, 8.5, 0.1341
2.7531, 59.95, 8.5, 0.13568
2.7532, 59.9, 8.5, 0.13792
2.7534, 59.85, 8.5, 0.14018
2.7536, 59.8, 8.5, 0.14176
2.7537, 59.75, 8.5, 0.14472
2.7538, 59.7, 8.5, 0.147
2.7539, 59.65, 8.5, 0.14928
2.754, 59.6, 8.5, 0.15156
2.7541, 58.05, 8.55, 0.1998
2.755, 58.1, 8.55, 0.1963
2.7561, 58.15, 8.55, 0.19317
2.7572, 58.2, 8.55, 0.19077
2.7582, 58.25, 8.55, 0.18765
2.7593, 58.3, 8.55, 0.18491
2.7603, 58.35, 8.55, 0.18252
2.7613, 58.4, 8.55, 0.17944
2.762, 58.45, 8.55, 0.17672
2.7629, 58.5, 8.55, 0.17437
2.7635, 58.55, 8.55, 0.17165
2.7645, 58.6, 8.55, 0.16894
2.765, 58.65, 8.55, 0.16661
2.7656, 58.7, 8.55, 0.16427
2.7664, 58.75, 8.55, 0.1616
2.7669, 58.8, 8.55, 0.15893
2.767, 60, 8.55, 0.12929
2.7673, 59.95, 8.55, 0.1291
2.7679, 59.9, 8.55, 0.12762
2.8179, 59.85, 8.55, 0.12918
2.8181, 59.8, 8.55, 0.13108
2.8184, 59.75, 8.55, 0.13369
2.8189, 59.7, 8.55, 0.13595
2.8191, 59.65, 8.55, 0.13788
2.8193, 59.6, 8.55, 0.13944
2.8194, 59.55, 8.55, 0.14207
2.8195, 59.5, 8.55, 0.14399
2.8196, 59.45, 8.55, 0.14662
2.8197, 59.4, 8.55, 0.14822
2.8198, 59.35, 8.55, 0.15085
2.8199, 57.7, 8.6, 0.19965
2.8201, 57.8, 8.6, 0.19338
2.8212, 57.85, 8.6, 0.19093
2.8224, 57.9, 8.6, 0.18779
2.8235, 57.95, 8.6, 0.18541
2.8245, 58, 8.6, 0.18265
2.8256, 58.05, 8.6, 0.17953
2.8263, 58.1, 8.6, 0.17787
2.8273, 58.15, 8.6, 0.17477
2.8279, 58.2, 8.6, 0.17312
2.8289, 58.25, 8.6, 0.17004
2.8295, 58.3, 8.6, 0.16802
2.8296, 60, 8.6, 0.1344
2.8303, 59.95, 8.6, 0.13248
2.831, 59.9, 8.6, 0.13126
2.8319, 59.8, 8.6, 0.12948
2.8325, 59.75, 8.6, 0.12756
2.8334, 59.65, 8.6, 0.12578
2.8834, 59.6, 8.6, 0.12724
2.8836, 59.55, 8.6, 0.1288
2.8838, 59.5, 8.6, 0.13106
2.8844, 59.45, 8.6, 0.13332
2.8846, 59.4, 8.6, 0.13488
2.8847, 59, 8.6, 0.13528
2.8854, 59.2, 8.6, 0.14404
2.8855, 57.5, 8.65, 0.19602
2.8859, 57.55, 8.65, 0.19324
2.887, 57.6, 8.65, 0.19044
2.8882, 57.65, 8.65, 0.18802
2.8893, 57.7, 8.65, 0.18487
2.89, 57.75, 8.65, 0.18246
2.8911, 60, 8.65, 0.1409
2.8918, 59.95, 8.65, 0.13967
2.8926, 59.9, 8.65, 0.13881
2.8933, 59.85, 8.65, 0.13794
2.894, 59.8, 8.65, 0.13674
2.8947, 59.75, 8.65, 0.13551
2.8954, 59.7, 8.65, 0.13393
2.8961, 59.65, 8.65, 0.13271
2.8967, 59.6, 8.65, 0.13217
2.897, 59.55, 8.65, 0.13093
2.8976, 59.5, 8.65, 0.12969
2.8982, 59.45, 8.65, 0.12809
2.8985, 59.4, 8.65, 0.12719
2.9485, 59.35, 8.65, 0.12751
2.9491, 59.3, 8.65, 0.12909
2.9493, 58.9, 8.65, 0.1303
2.9506, 58.85, 8.65, 0.13142
2.9507, 57.25, 8.7, 0.19131
2.9512, 57.3, 8.7, 0.18926
2.9518, 60, 8.7, 0.14578
2.9526, 59.95, 8.7, 0.14458
2.9538, 59.9, 8.7, 0.14266
2.9546, 59.85, 8.7, 0.14148
2.9561, 59.75, 8.7, 0.14044
2.9569, 59.7, 8.7, 0.1392
2.9576, 59.65, 8.7, 0.13866
2.9587, 59.6, 8.7, 0.13606
2.9598, 59.5, 8.7, 0.13428
2.9605, 59.45, 8.7, 0.13304
2.9611, 59.4, 8.7, 0.1318
2.9618, 59.35, 8.7, 0.13058
2.9624, 59.3, 8.7, 0.12864
2.9627, 59.25, 8.7, 0.12806
2.9632, 59.2, 8.7, 0.12684
2.9635, 59.15, 8.7, 0.12626
3.0135, 59.1, 8.7, 0.12626
3.014, 59.05, 8.7, 0.12782
3.0142, 58.65, 8.7, 0.12866
3.0159, 59.8, 8.75, 0.14516
3.0176, 59.7, 8.75, 0.14484
3.0187, 59.65, 8.75, 0.14222
3.0195, 59.6, 8.75, 0.14172
3.0203, 59.55, 8.75, 0.14118
3.0211, 59.5, 8.75, 0.13996
3.0219, 59.45, 8.75, 0.13942
3.0226, 59.4, 8.75, 0.1382
3.0237, 59.35, 8.75, 0.13556
3.0247, 59.25, 8.75, 0.13446
3.0254, 59.2, 8.75, 0.1325
3.026, 59.15, 8.75, 0.1313
3.0267, 59.1, 8.75, 0.13004
3.0273, 59.05, 8.75, 0.12808
3.0773, 58.4, 8.75, 0.12841
3.0807, 59.6, 8.8, 0.14777
3.0808, 59.55, 8.8, 0.14618
3.0816, 59.5, 8.8, 0.14567
3.0828, 59.45, 8.8, 0.14411
3.0836, 59.4, 8.8, 0.14286
3.0844, 59.35, 8.8, 0.14165
3.0852, 59.3, 8.8, 0.14146
3.086, 59.25, 8.8, 0.14021
3.0867, 59.2, 8.8, 0.13933
3.0874, 59.15, 8.8, 0.13809
3.0881, 59.1, 8.8, 0.13686
3.0888, 59.05, 8.8, 0.13561
3.0946, 58.4, 8.8, 0.13458
3.0947, 58.35, 8.8, 0.13368
3.0952, 58.25, 8.8, 0.13113
3.0953, 58.2, 8.8, 0.13021
3.1453, 58.05, 8.8, 0.13271
3.1454, 59.35, 8.85, 0.14602
3.1455, 59.3, 8.85, 0.14478
3.1464, 59.25, 8.85, 0.14424
3.1475, 59.2, 8.85, 0.14232
3.1483, 59.15, 8.85, 0.14176
3.1491, 59.1, 8.85, 0.1405
3.1499, 59.05, 8.85, 0.13928
3.1575, 58.45, 8.85, 0.13916
3.1577, 58.4, 8.85, 0.13897
3.1583, 58.35, 8.85, 0.13735
3.1584, 58.3, 8.85, 0.1361
3.1586, 58.25, 8.85, 0.13555
3.159, 58.2, 8.85, 0.13358
3.1592, 58.1, 8.85, 0.13174
3.1593, 58.05, 8.85, 0.13117
3.1597, 58, 8.85, 0.12917
3.1598, 57.95, 8.85, 0.12862
3.2098, 59.1, 8.9, 0.14583
3.2101, 59.05, 8.9, 0.1453
3.2193, 58.45, 8.9, 0.14485
3.22, 58.4, 8.9, 0.14431
3.2206, 58.35, 8.9, 0.14269
3.2208, 58.3, 8.9, 0.14216
3.2214, 58.25, 8.9, 0.1409
3.2216, 58.2, 8.9, 0.13964
3.2221, 58.15, 8.9, 0.13837
3.2223, 58.1, 8.9, 0.13783
3.2228, 58.05, 8.9, 0.13654
3.2229, 58, 8.9, 0.13491
3.2234, 57.95, 8.9, 0.134
3.2236, 57.85, 8.9, 0.1318
3.2237, 57.75, 8.9, 0.12958
3.2737, 59.05, 8.95, 0.14884
3.2806, 58.45, 8.95, 0.14838
3.2813, 58.4, 8.95, 0.14715
3.282, 58.35, 8.95, 0.14659
3.2827, 58.3, 8.95, 0.14571
3.2833, 58.25, 8.95, 0.14446
3.2836, 58.2, 8.95, 0.14394
3.2842, 58.15, 8.95, 0.14266
3.2848, 58.1, 8.95, 0.14068
3.2851, 58.05, 8.95, 0.14048
3.2856, 58, 8.95, 0.13885
3.2865, 57.85, 8.95, 0.13573
3.287, 57.8, 8.95, 0.13483
3.2871, 57.75, 8.95, 0.13353
3.2876, 57.7, 8.95, 0.13187
3.2877, 57.6, 8.95, 0.13003
3.2878, 57.45, 8.95, 0.12796
3.3378, 59.05, 9, 0.15216
3.343, 58.35, 9, 0.15062
3.3437, 58.3, 9, 0.14937
3.3444, 58.25, 9, 0.14811
3.3451, 58.2, 9, 0.14718
3.3458, 58.15, 9, 0.14667
3.3461, 58.1, 9, 0.14613
3.3468, 58.05, 9, 0.14489
3.3474, 58, 9, 0.14397
3.348, 57.95, 9, 0.14198
3.3483, 57.9, 9, 0.14141
3.3489, 57.85, 9, 0.14016
3.3495, 57.8, 9, 0.13885
3.3496, 57.75, 9, 0.13833
3.3502, 57.7, 9, 0.1363
3.3503, 57.65, 9, 0.13611
3.3508, 57.6, 9, 0.13443
3.351, 57.55, 9, 0.13351
3.3511, 57.5, 9, 0.13294
3.3515, 57.45, 9, 0.13091
3.3516, 57.2, 9, 0.12865
3.3517, 57.25, 9, 0.12705
3.4017, 59.05, 9.05, 0.15736
3.4022, 58.4, 9.05, 0.15671
3.403, 58.35, 9.05, 0.15511
3.4038, 58.3, 9.05, 0.1542
3.4046, 58.25, 9.05, 0.15368
3.4054, 58.2, 9.05, 0.15242
3.4065, 58.15, 9.05, 0.15116
3.4073, 58.1, 9.05, 0.15063
3.408, 58.05, 9.05, 0.14938
3.4087, 58, 9.05, 0.14811
3.409, 57.95, 9.05, 0.14721
3.4097, 57.9, 9.05, 0.14629
3.4104, 57.85, 9.05, 0.14503
3.411, 57.8, 9.05, 0.14412
3.4116, 57.75, 9.05, 0.14321
3.4119, 57.7, 9.05, 0.1423
3.4125, 57.65, 9.05, 0.14101
3.413, 57.6, 9.05, 0.13971
3.4132, 57.55, 9.05, 0.13841
3.4138, 57.5, 9.05, 0.13787
3.4139, 57.45, 9.05, 0.13619
3.4144, 57.4, 9.05, 0.13528
3.4146, 57.35, 9.05, 0.13433
3.4147, 57.3, 9.05, 0.13302
3.4151, 57.25, 9.05, 0.13246
3.4152, 57.15, 9.05, 0.12946
3.4153, 57.05, 9.05, 0.12719
3.4653, 58.25, 9.1, 0.15671
3.4655, 58.2, 9.1, 0.15617
3.4663, 58.15, 9.1, 0.15491
3.4675, 58.1, 9.1, 0.15331
3.4683, 58.05, 9.1, 0.15277
3.4691, 58, 9.1, 0.1515
3.4699, 57.95, 9.1, 0.15022
3.4706, 57.9, 9.1, 0.14934
3.4713, 57.85, 9.1, 0.14917
3.472, 57.8, 9.1, 0.14788
3.4727, 57.75, 9.1, 0.14663
3.4734, 57.7, 9.1, 0.14535
3.4741, 57.65, 9.1, 0.14441
3.4744, 57.6, 9.1, 0.14387
3.475, 57.55, 9.1, 0.14257
3.4756, 57.5, 9.1, 0.14054
3.4758, 57.45, 9.1, 0.14036
3.4764, 57.4, 9.1, 0.13868
3.477, 57.35, 9.1, 0.13775
3.4771, 57.3, 9.1, 0.13682
3.4777, 57.25, 9.1, 0.13515
3.4779, 57.15, 9.1, 0.13364
3.4784, 57.1, 9.1, 0.13195
3.4785, 57, 9.1, 0.13045
3.4786, 56.95, 9.1, 0.12911
3.479, 56.8, 9.1, 0.12686
3.529, 58, 9.15, 0.15595
3.5298, 57.95, 9.15, 0.15505
3.5306, 57.9, 9.15, 0.15413
3.5317, 57.85, 9.15, 0.15324
3.5325, 57.8, 9.15, 0.15196
3.5333, 57.75, 9.15, 0.15106
3.534, 57.7, 9.15, 0.14978
3.5348, 57.65, 9.15, 0.14849
3.5355, 57.6, 9.15, 0.14832
3.5362, 57.55, 9.15, 0.14704
3.5365, 57.5, 9.15, 0.14538
3.5372, 57.45, 9.15, 0.14481
3.5378, 57.4, 9.15, 0.14353
3.5384, 57.35, 9.15, 0.14261
3.5387, 57.3, 9.15, 0.14168
3.5393, 57.25, 9.15, 0.14038
3.5399, 57.2, 9.15, 0.13908
3.54, 57.15, 9.15, 0.13851
3.5406, 57.1, 9.15, 0.13718
3.5407, 57.05, 9.15, 0.13588
3.5412, 57, 9.15, 0.13493
3.5415, 56.9, 9.15, 0.13266
3.5419, 56.85, 9.15, 0.13096
3.542, 56.7, 9.15, 0.12809
3.5421, 56.65, 9.15, 0.12674
3.5921, 56.6, 9.15, 0.12731
3.5924, 57.8, 9.2, 0.15529
3.5933, 57.75, 9.2, 0.15437
3.5941, 57.7, 9.2, 0.15346
3.5949, 57.65, 9.2, 0.15217
3.5957, 57.6, 9.2, 0.15091
3.5965, 57.55, 9.2, 0.15035
3.5972, 57.5, 9.2, 0.14907
3.5979, 57.45, 9.2, 0.14852
3.5987, 57.4, 9.2, 0.14724
3.5994, 57.35, 9.2, 0.14593
3.6, 57.3, 9.2, 0.145
3.6003, 57.25, 9.2, 0.14446
3.601, 57.2, 9.2, 0.14312
3.6016, 57.15, 9.2, 0.14183
3.6022, 57.1, 9.2, 0.14016
3.6024, 57.05, 9.2, 0.1396
3.603, 57, 9.2, 0.13827
3.6032, 56.95, 9.2, 0.13771
3.6038, 56.9, 9.2, 0.136
3.6039, 56.85, 9.2, 0.13543
3.6044, 56.8, 9.2, 0.13408
3.6045, 56.75, 9.2, 0.13277
3.605, 56.7, 9.2, 0.13143
3.6051, 56.6, 9.2, 0.12914
3.6052, 56.5, 9.2, 0.12719
3.6056, 56.45, 9.2, 0.12511
3.6556, 57.6, 9.25, 0.15508
3.6566, 57.55, 9.25, 0.15344
3.6574, 57.5, 9.25, 0.15289
3.6582, 57.45, 9.25, 0.15161
3.659, 57.4, 9.25, 0.15105
3.6597, 57.35, 9.25, 0.14977
3.6605, 57.3, 9.25, 0.14846
3.6612, 57.25, 9.25, 0.14714
3.6619, 57.2, 9.25, 0.14623
3.6626, 57.15, 9.25, 0.14492
3.6629, 57.1, 9.25, 0.14473
3.6636, 57.05, 9.25, 0.14342
3.6642, 57, 9.25, 0.14211
3.6651, 56.9, 9.25, 0.14059
3.6657, 56.85, 9.25, 0.13928
3.6663, 56.8, 9.25, 0.13757
3.667, 56.7, 9.25, 0.13567
3.6671, 56.65, 9.25, 0.13474
3.6673, 56.6, 9.25, 0.13413
3.6678, 56.55, 9.25, 0.13167
3.6679, 56.45, 9.25, 0.13011
3.6683, 56.1, 9.25, 0.12988
3.6684, 56.25, 9.25, 0.12585
3.7184, 57.45, 9.3, 0.15597
3.7187, 57.4, 9.3, 0.15505
3.7195, 57.35, 9.3, 0.15414
3.7203, 57.3, 9.3, 0.15284
3.7211, 57.25, 9.3, 0.15192
3.7219, 57.2, 9.3, 0.15062
3.7227, 57.15, 9.3, 0.14968
3.7234, 57.1, 9.3, 0.14875
3.7242, 57.05, 9.3, 0.14745
3.7249, 57, 9.3, 0.1465
3.7256, 56.95, 9.3, 0.14518
3.7263, 56.9, 9.3, 0.14462
3.7269, 56.85, 9.3, 0.14331
3.7272, 56.8, 9.3, 0.14236
3.7278, 56.75, 9.3, 0.14143
3.7286, 56.65, 9.3, 0.13875
3.7292, 56.6, 9.3, 0.13819
3.7294, 56.55, 9.3, 0.13683
3.7299, 56.5, 9.3, 0.13551
3.7306, 56.4, 9.3, 0.13357
3.7307, 56.35, 9.3, 0.13221
3.7308, 56.3, 9.3, 0.13164
3.7312, 56.25, 9.3, 0.13029
3.7313, 56.05, 9.3, 0.1256
3.7813, 57.25, 9.35, 0.1551
3.7817, 57.2, 9.35, 0.1538
3.7825, 57.15, 9.35, 0.15363
3.7834, 57.1, 9.35, 0.15233
3.7842, 57.05, 9.35, 0.151
3.7849, 57, 9.35, 0.15007
3.7857, 56.95, 9.35, 0.14915
3.7865, 56.9, 9.35, 0.14782
3.7872, 56.85, 9.35, 0.14688
3.7879, 56.8, 9.35, 0.14557
3.7893, 56.7, 9.35, 0.14329
3.7895, 56.65, 9.35, 0.1431
3.7902, 56.6, 9.35, 0.14137
3.7908, 56.55, 9.35, 0.14042
3.791, 56.5, 9.35, 0.13908
3.7916, 56.45, 9.35, 0.13813
3.7922, 56.4, 9.35, 0.13678
3.7924, 56.35, 9.35, 0.13545
3.7929, 56.3, 9.35, 0.13408
3.7931, 56.25, 9.35, 0.1331
3.7932, 56.2, 9.35, 0.13252
3.7937, 56.1, 9.35, 0.13017
3.7938, 56, 9.35, 0.12861
3.7942, 55.8, 9.35, 0.12729
3.7943, 55.85, 9.35, 0.12486
3.8443, 57.05, 9.4, 0.15497
3.8448, 57, 9.4, 0.15404
3.8456, 56.95, 9.4, 0.15272
3.8464, 56.9, 9.4, 0.15216
3.8472, 56.85, 9.4, 0.15084
3.848, 56.8, 9.4, 0.14991
3.8488, 56.75, 9.4, 0.14858
3.8495, 56.7, 9.4, 0.14764
3.8502, 56.65, 9.4, 0.1467
3.851, 56.6, 9.4, 0.14573
3.8516, 56.55, 9.4, 0.1444
3.8519, 56.5, 9.4, 0.14345
3.8526, 56.45, 9.4, 0.14211
3.8532, 56.4, 9.4, 0.14076
3.8535, 56.35, 9.4, 0.14018
3.8541, 56.3, 9.4, 0.13884
3.8543, 56.25, 9.4, 0.13786
3.8548, 56.2, 9.4, 0.13689
3.855, 56.15, 9.4, 0.13516
3.8555, 56.1, 9.4, 0.13417
3.8557, 56.05, 9.4, 0.13359
3.8562, 56, 9.4, 0.13222
3.8563, 55.9, 9.4, 0.12988
3.8564, 55.85, 9.4, 0.12849
3.8568, 55.7, 9.4, 0.12514
3.9069, 56.9, 9.45, 0.15415
3.9071, 56.85, 9.45, 0.15282
3.9087, 56.75, 9.45, 0.15169
3.9096, 56.7, 9.45, 0.15038
3.9103, 56.65, 9.45, 0.14905
3.9111, 56.6, 9.45, 0.14808
3.9119, 56.55, 9.45, 0.14716
3.9122, 56.5, 9.45, 0.14696
3.913, 56.45, 9.45, 0.14562
3.9137, 56.4, 9.45, 0.14467
3.9144, 56.35, 9.45, 0.14332
3.915, 56.3, 9.45, 0.14196
3.9153, 56.25, 9.45, 0.14063
3.9159, 56.2, 9.45, 0.13965
3.9162, 56.15, 9.45, 0.13945
3.9168, 56.1, 9.45, 0.13811
3.9173, 56.05, 9.45, 0.13594
3.9175, 56, 9.45, 0.13576
3.9177, 55.95, 9.45, 0.13438
3.9182, 55.9, 9.45, 0.13301
3.9183, 55.85, 9.45, 0.13163
3.9188, 55.8, 9.45, 0.13066
3.9189, 55.75, 9.45, 0.12926
3.919, 55.6, 9.45, 0.12629
3.9194, 55.5, 9.45, 0.12475
3.9195, 55.55, 9.45, 0.12411
3.9695, 56.7, 9.5, 0.15446
3.9698, 56.65, 9.5, 0.15312
3.9707, 56.6, 9.5, 0.15178
3.9715, 56.55, 9.5, 0.15083
3.9723, 56.5, 9.5, 0.14987
3.9731, 56.45, 9.5, 0.14855
3.9739, 56.4, 9.5, 0.14757
3.9746, 56.35, 9.5, 0.14625
3.9754, 56.3, 9.5, 0.14526
3.9757, 56.25, 9.5, 0.14469
3.9764, 56.2, 9.5, 0.14374
3.9771, 56.15, 9.5, 0.14238
3.9777, 56.1, 9.5, 0.14062
3.978, 56.05, 9.5, 0.14045
3.9786, 56, 9.5, 0.13866
3.9789, 55.95, 9.5, 0.13848
3.9794, 55.9, 9.5, 0.13673
3.9796, 55.85, 9.5, 0.13612
3.9802, 55.8, 9.5, 0.13397
3.9803, 55.75, 9.5, 0.13378
3.9809, 55.7, 9.5, 0.13162
3.981, 55.65, 9.5, 0.13099
3.9811, 55.6, 9.5, 0.13002
3.9812, 55.55, 9.5, 0.1294
3.9816, 55.45, 9.5, 0.12624
3.9817, 55.35, 9.5, 0.12427
4.0317, 56.55, 9.55, 0.15474
4.0326, 56.45, 9.55, 0.15244
4.0335, 56.4, 9.55, 0.15109
4.0343, 56.35, 9.55, 0.15052
4.0351, 56.3, 9.55, 0.14918
4.0359, 56.25, 9.55, 0.14821
4.0366, 56.2, 9.55, 0.14724
4.0374, 56.15, 9.55, 0.14591
4.0377, 56.1, 9.55, 0.14492
4.0384, 56.05, 9.55, 0.14397
4.0391, 56, 9.55, 0.14298
4.0398, 55.95, 9.55, 0.142
4.0401, 55.9, 9.55, 0.14065
4.0407, 55.85, 9.55, 0.14006
4.0409, 55.8, 9.55, 0.13827
4.0416, 55.75, 9.55, 0.13768
4.0418, 55.7, 9.55, 0.13632
4.0423, 55.65, 9.55, 0.13492
4.0425, 55.6, 9.55, 0.13434
4.043, 55.55, 9.55, 0.13293
4.0431, 55.5, 9.55, 0.13195
4.0432, 55.45, 9.55, 0.13055
4.0433, 55.4, 9.55, 0.12955
4.0438, 55.3, 9.55, 0.12714
4.0439, 55.15, 9.55, 0.12532
4.0939, 56.4, 9.6, 0.15451
4.0946, 56.3, 9.6, 0.15258
4.0954, 56.25, 9.6, 0.15125
4.0962, 56.2, 9.6, 0.15028
4.0971, 56.15, 9.6, 0.1493
4.0979, 56.1, 9.6, 0.14796
4.0986, 56.05, 9.6, 0.14698
4.0994, 56, 9.6, 0.14561
4.0997, 55.95, 9.6, 0.14542
4.1012, 55.85, 9.6, 0.14228
4.1015, 55.8, 9.6, 0.14209
4.1021, 55.75, 9.6, 0.14074
4.1028, 55.7, 9.6, 0.13933
4.103, 55.65, 9.6, 0.13835
4.1037, 55.6, 9.6, 0.13696
4.1039, 55.55, 9.6, 0.13598
4.1044, 55.5, 9.6, 0.13458
4.1046, 55.45, 9.6, 0.13358
4.1048, 55.4, 9.6, 0.13297
4.1053, 55.35, 9.6, 0.13119
4.1054, 55.3, 9.6, 0.13056
4.1055, 55.25, 9.6, 0.12957
4.106, 55.15, 9.6, 0.12674
4.1061, 55, 9.6, 0.12386
4.1561, 56.2, 9.65, 0.15375
4.1565, 56.15, 9.65, 0.15278
4.159, 56, 9.65, 0.14947
4.1598, 55.95, 9.65, 0.1489
4.1606, 55.9, 9.65, 0.14793
4.161, 55.85, 9.65, 0.14656
4.1617, 55.8, 9.65, 0.14558
4.1625, 55.75, 9.65, 0.1442
4.1632, 55.7, 9.65, 0.14321
4.1635, 55.65, 9.65, 0.14222
4.1642, 55.6, 9.65, 0.14084
4.1645, 55.55, 9.65, 0.13984
4.1651, 55.5, 9.65, 0.13885
4.1653, 55.45, 9.65, 0.13785
4.1659, 55.4, 9.65, 0.13646
4.1661, 55.35, 9.65, 0.13547
4.1667, 55.3, 9.65, 0.13406
4.1669, 55.25, 9.65, 0.13345
4.167, 55.2, 9.65, 0.13206
4.1675, 55.15, 9.65, 0.13063
4.1677, 54.65, 9.65, 0.13044
4.1678, 55, 9.65, 0.12719
4.1682, 54.75, 9.65, 0.12705
4.1683, 54.85, 9.65, 0.12414
4.2183, 56.05, 9.7, 0.15301
4.2184, 56, 9.7, 0.15245
4.2193, 55.95, 9.7, 0.15188
4.2201, 55.9, 9.7, 0.1505
4.221, 55.85, 9.7, 0.14951
4.2214, 55.8, 9.7, 0.14813
4.2222, 55.75, 9.7, 0.14715
4.223, 55.7, 9.7, 0.14578
4.2237, 55.65, 9.7, 0.14479
4.2245, 55.6, 9.7, 0.1434
4.2248, 55.55, 9.7, 0.14321
4.2255, 55.5, 9.7, 0.14142
4.2258, 55.45, 9.7, 0.14083
4.2265, 55.4, 9.7, 0.13983
4.2271, 55.35, 9.7, 0.13762
4.2274, 55.3, 9.7, 0.13741
4.228, 55.25, 9.7, 0.13603
4.2282, 55.2, 9.7, 0.13462
4.2284, 55.15, 9.7, 0.13443
4.2289, 55.1, 9.7, 0.13218
4.2291, 55.05, 9.7, 0.13116
4.2292, 55, 9.7, 0.13056
4.2297, 54.95, 9.7, 0.12873
4.2298, 54.9, 9.7, 0.12732
4.2299, 54.8, 9.7, 0.12607
4.23, 54.65, 9.7, 0.12473
4.28, 55.9, 9.75, 0.15288
4.2803, 55.85, 9.75, 0.15191
4.2808, 55.8, 9.75, 0.15133
4.2816, 55.75, 9.75, 0.15034
4.2825, 55.7, 9.75, 0.14897
4.2833, 55.65, 9.75, 0.14795
4.2841, 55.6, 9.75, 0.14658
4.2849, 55.55, 9.75, 0.14558
4.2853, 55.5, 9.75, 0.14539
4.286, 55.45, 9.75, 0.1432
4.2868, 55.4, 9.75, 0.1422
4.2871, 55.35, 9.75, 0.14201
4.2878, 55.3, 9.75, 0.14063
4.2885, 55.25, 9.75, 0.1388
4.2887, 55.2, 9.75, 0.1386
4.2894, 55.15, 9.75, 0.13637
4.2896, 55.1, 9.75, 0.13618
4.2898, 55.05, 9.75, 0.13518
4.2904, 55, 9.75, 0.13337
4.2906, 54.95, 9.75, 0.13235
4.2907, 54.9, 9.75, 0.13172
4.2913, 54.85, 9.75, 0.12988
4.2914, 54.8, 9.75, 0.12886
4.2915, 54.75, 9.75, 0.12864
4.2916, 54.65, 9.75, 0.12578
4.2917, 54.55, 9.75, 0.12416
4.3417, 55.75, 9.8, 0.15377
4.3418, 55.7, 9.8, 0.15277
4.3426, 55.65, 9.8, 0.15138
4.3435, 55.6, 9.8, 0.15039
4.3444, 55.55, 9.8, 0.14943
4.3452, 55.5, 9.8, 0.14882
4.3456, 55.45, 9.8, 0.14744
4.3464, 55.4, 9.8, 0.14603
4.3472, 55.35, 9.8, 0.14543
4.348, 55.3, 9.8, 0.14404
4.3483, 55.25, 9.8, 0.14303
4.3493, 55.15, 9.8, 0.1406
4.35, 55.1, 9.8, 0.13961
4.3503, 55.05, 9.8, 0.1386
4.3509, 55, 9.8, 0.13759
4.3512, 54.95, 9.8, 0.13616
4.3518, 54.9, 9.8, 0.13555
4.352, 54.85, 9.8, 0.1337
4.3522, 54.8, 9.8, 0.1331
4.3527, 54.75, 9.8, 0.13167
4.3529, 54.7, 9.8, 0.13065
4.353, 54.65, 9.8, 0.12962
4.3531, 54.6, 9.8, 0.1286
4.3536, 54.5, 9.8, 0.1257
4.3537, 54.35, 9.8, 0.12465
4.4037, 55.55, 9.85, 0.15228
4.4044, 55.5, 9.85, 0.1509
4.4053, 55.45, 9.85, 0.1503
4.4058, 55.4, 9.85, 0.14971
4.4066, 55.35, 9.85, 0.1479
4.4074, 55.3, 9.85, 0.14652
4.4083, 55.25, 9.85, 0.14552
4.4086, 55.2, 9.85, 0.14528
4.4094, 55.15, 9.85, 0.1439
4.4102, 55.1, 9.85, 0.14207
4.4105, 55.05, 9.85, 0.14188
4.4112, 55, 9.85, 0.14047
4.4115, 54.95, 9.85, 0.13903
4.4122, 54.9, 9.85, 0.13801
4.4124, 54.85, 9.85, 0.13702
4.4131, 54.8, 9.85, 0.13558
4.4133, 54.75, 9.85, 0.13453
4.4135, 54.7, 9.85, 0.13391
4.4141, 54.65, 9.85, 0.13209
4.4143, 54.6, 9.85, 0.13064
4.4144, 54.55, 9.85, 0.13043
4.4145, 54.5, 9.85, 0.12899
4.415, 54.45, 9.85, 0.12714
4.4151, 54.4, 9.85, 0.12606
4.4152, 54.3, 9.85, 0.12444
4.4153, 54.2, 9.85, 0.12363
4.4653, 55.4, 9.9, 0.15229
4.4658, 55.35, 9.9, 0.1513
4.4667, 55.3, 9.9, 0.1499
4.4676, 55.25, 9.9, 0.14888
4.4684, 55.2, 9.9, 0.14827
4.4692, 55.15, 9.9, 0.14687
4.4696, 55.1, 9.9, 0.14586
4.4704, 55.05, 9.9, 0.14485
4.4712, 55, 9.9, 0.14345
4.4716, 54.95, 9.9, 0.14283
4.4723, 54.9, 9.9, 0.14141
4.4726, 54.85, 9.9, 0.14039
4.4733, 54.8, 9.9, 0.13935
4.4736, 54.75, 9.9, 0.13794
4.4743, 54.7, 9.9, 0.13732
4.4745, 54.65, 9.9, 0.13546
4.4747, 54.6, 9.9, 0.13486
4.4754, 54.55, 9.9, 0.13341
4.4755, 54.5, 9.9, 0.13238
4.4757, 54.45, 9.9, 0.13093
4.4759, 54.4, 9.9, 0.12989
4.4764, 54.35, 9.9, 0.12885
4.4765, 54.3, 9.9, 0.12781
4.4766, 54.25, 9.9, 0.12675
4.4767, 54.2, 9.9, 0.12531
4.5267, 54, 9.9, 0.1261
4.5268, 55.25, 9.95, 0.15171
4.5275, 55.2, 9.95, 0.1507
4.5284, 55.15, 9.95, 0.14931
4.5293, 55.1, 9.95, 0.14828
4.5297, 55.05, 9.95, 0.14768
4.5305, 55, 9.95, 0.14667
4.5314, 54.95, 9.95, 0.14483
4.5318, 54.9, 9.95, 0.14423
4.5325, 54.85, 9.95, 0.14321
4.5333, 54.8, 9.95, 0.14137
4.5336, 54.75, 9.95, 0.14117
4.5344, 54.7, 9.95, 0.13972
4.5347, 54.65, 9.95, 0.13869
4.5354, 54.6, 9.95, 0.13767
4.5356, 54.55, 9.95, 0.13581
4.5359, 54.5, 9.95, 0.13479
4.5365, 54.45, 9.95, 0.13376
4.5367, 54.4, 9.95, 0.1323
4.5371, 54.3, 9.95, 0.13105
4.5377, 54.25, 9.95, 0.12918
4.5378, 54.2, 9.95, 0.12769
4.5379, 54.15, 9.95, 0.12707
4.538, 54.1, 9.95, 0.12602
4.5381, 54, 9.95, 0.12349
4.5881, 53.85, 9.95, 0.1251
4.5882, 55.1, 10, 0.15135
4.5891, 55.05, 10, 0.14993
4.59, 55, 10, 0.14891
4.5905, 54.95, 10, 0.14832
4.5913, 54.9, 10, 0.1473
4.5922, 54.85, 10, 0.14545
4.5926, 54.8, 10, 0.14525
4.5934, 54.75, 10, 0.14382
4.5942, 54.7, 10, 0.14199
4.5946, 54.65, 10, 0.14177
4.5953, 54.6, 10, 0.14075
4.5956, 54.55, 10, 0.13929
4.5959, 54.5, 10, 0.13909
4.5966, 54.45, 10, 0.13722
4.5969, 54.4, 10, 0.13662
4.5976, 54.35, 10, 0.13472
4.5978, 54.3, 10, 0.13369
4.598, 54.25, 10, 0.13307
4.5982, 54.2, 10, 0.13203
4.5988, 54.15, 10, 0.12972
4.599, 54.1, 10, 0.12909
4.5991, 54.05, 10, 0.12805
4.5992, 54, 10, 0.12657
4.5993, 53.95, 10, 0.12551
4.5994, 53.85, 10, 0.12296
4.5995, 53.8, 10, 0.12218
4.6495, 55, 10.05, 0.15186
4.6497, 54.95, 10.05, 0.15125
4.6506, 54.9, 10.05, 0.15022
4.6511, 54.85, 10.05, 0.1488
4.652, 54.8, 10.05, 0.14818
4.6533, 54.7, 10.05, 0.14532
4.6542, 54.65, 10.05, 0.1447
4.6554, 54.55, 10.05, 0.14263
4.6561, 54.5, 10.05, 0.14201
4.6565, 54.45, 10.05, 0.14014
4.6572, 54.4, 10.05, 0.13953
4.6575, 54.35, 10.05, 0.13766
4.6585, 54.25, 10.05, 0.13558
4.6588, 54.2, 10.05, 0.13494
4.659, 54.15, 10.05, 0.13348
4.6596, 54.1, 10.05, 0.13243
4.6598, 54.05, 10.05, 0.13096
4.66, 54, 10.05, 0.13033
4.6602, 53.95, 10.05, 0.12884
4.6603, 53.9, 10.05, 0.1278
4.6604, 53.85, 10.05, 0.12673
4.6605, 53.8, 10.05, 0.12525
4.6606, 53.75, 10.05, 0.12377
4.6607, 53.65, 10.05, 0.12259
4.7107, 54.85, 10.1, 0.15195
4.7112, 54.8, 10.1, 0.14971
4.7117, 54.75, 10.1, 0.1495
4.7126, 54.7, 10.1, 0.14847
4.7135, 54.65, 10.1, 0.14704
4.7139, 54.6, 10.1, 0.146
4.7148, 54.55, 10.1, 0.14498
4.7156, 54.5, 10.1, 0.14394
4.716, 54.45, 10.1, 0.14289
4.7168, 54.4, 10.1, 0.14186
4.7172, 54.35, 10.1, 0.14041
4.718, 54.3, 10.1, 0.13895
4.7183, 54.25, 10.1, 0.13789
4.7186, 54.2, 10.1, 0.13769
4.7193, 54.15, 10.1, 0.13581
4.7196, 54.1, 10.1, 0.13518
4.7198, 54.05, 10.1, 0.13413
4.7205, 54, 10.1, 0.13222
4.7207, 53.95, 10.1, 0.13202
4.7209, 53.9, 10.1, 0.13054
4.7211, 53.85, 10.1, 0.12947
4.7214, 53.75, 10.1, 0.12691
4.7215, 53.7, 10.1, 0.1267
4.7216, 53.65, 10.1, 0.12521
4.7217, 53.6, 10.1, 0.12414
4.7218, 53.55, 10.1, 0.12265
4.7718, 54.7, 10.15, 0.15178
4.7725, 54.65, 10.15, 0.15075
4.773, 54.6, 10.15, 0.14931
4.7739, 54.55, 10.15, 0.14829
4.7748, 54.5, 10.15, 0.14725
4.7762, 54.4, 10.15, 0.14476
4.7766, 54.35, 10.15, 0.14372
4.7774, 54.3, 10.15, 0.14224
4.7778, 54.25, 10.15, 0.14162
4.7786, 54.2, 10.15, 0.14058
4.7789, 54.15, 10.15, 0.13953
4.7797, 54.1, 10.15, 0.13806
4.78, 54.05, 10.15, 0.13744
4.7803, 54, 10.15, 0.13596
4.781, 53.95, 10.15, 0.13448
4.7812, 53.9, 10.15, 0.13386
4.7815, 53.85, 10.15, 0.13236
4.7817, 53.8, 10.15, 0.13172
4.7819, 53.75, 10.15, 0.13064
4.7825, 53.7, 10.15, 0.12915
4.7826, 53.65, 10.15, 0.1281
4.7828, 53.35, 10.15, 0.12333
4.7832, 53.4, 10.15, 0.12201
4.8332, 54.55, 10.2, 0.15057
4.8337, 54.5, 10.2, 0.14952
4.8347, 54.45, 10.2, 0.14807
4.8352, 54.4, 10.2, 0.14704
4.8361, 54.35, 10.2, 0.14598
4.8365, 54.3, 10.2, 0.14577
4.8374, 54.25, 10.2, 0.14392
4.8378, 54.2, 10.2, 0.1437
4.8387, 54.15, 10.2, 0.14138
4.8391, 54.1, 10.2, 0.14075
4.8398, 54.05, 10.2, 0.13886
4.8402, 54, 10.2, 0.13866
4.8405, 53.95, 10.2, 0.13718
4.8413, 53.9, 10.2, 0.13652
4.8416, 53.85, 10.2, 0.13549
4.8418, 53.8, 10.2, 0.13398
4.8425, 53.75, 10.2, 0.13295
4.8427, 53.7, 10.2, 0.13144
4.843, 53.65, 10.2, 0.13038
4.8432, 53.6, 10.2, 0.12928
4.8433, 53.55, 10.2, 0.12779
4.8435, 53.5, 10.2, 0.12672
4.8436, 53.45, 10.2, 0.12609
4.8438, 53.4, 10.2, 0.12498
4.8439, 53.35, 10.2, 0.12348
4.844, 53.25, 10.2, 0.12229
4.894, 53.2, 10.2, 0.12276
4.8941, 54.4, 10.25, 0.15084
4.8949, 54.35, 10.25, 0.14982
4.8958, 54.3, 10.25, 0.14753
4.8963, 54.25, 10.25, 0.14731
4.8972, 54.2, 10.25, 0.14584
4.8977, 54.15, 10.25, 0.14477
4.8985, 54.1, 10.25, 0.14375
4.899, 54.05, 10.25, 0.14267
4.8998, 54, 10.25, 0.14163
4.9002, 53.95, 10.25, 0.14014
4.901, 53.9, 10.25, 0.13909
4.9013, 53.85, 10.25, 0.13802
4.9017, 53.8, 10.25, 0.13653
4.9024, 53.75, 10.25, 0.13545
4.9027, 53.7, 10.25, 0.1344
4.903, 53.65, 10.25, 0.13291
4.9032, 53.6, 10.25, 0.13271
4.9035, 53.55, 10.25, 0.13161
4.9037, 53.5, 10.25, 0.13055
4.9043, 53.45, 10.25, 0.12819
4.9045, 53.4, 10.25, 0.12708
4.9046, 53.2, 10.25, 0.12276
4.9047, 53.15, 10.25, 0.12166
4.9547, 53.1, 10.25, 0.12291
4.9548, 53.25, 10.25, 0.12342
4.9549, 54.3, 10.3, 0.15077
4.9553, 54.25, 10.3, 0.14973
4.9563, 54.2, 10.3, 0.14826
4.9568, 54.15, 10.3, 0.14762
4.9577, 54.1, 10.3, 0.14657
4.9582, 54.05, 10.3, 0.14552
4.9591, 54, 10.3, 0.14447
4.9596, 53.95, 10.3, 0.1434
4.9604, 53.9, 10.3, 0.14192
4.9608, 53.85, 10.3, 0.14086
4.9612, 53.8, 10.3, 0.14023
4.962, 53.75, 10.3, 0.13873
4.9624, 53.7, 10.3, 0.13724
4.9627, 53.65, 10.3, 0.13659
4.9634, 53.6, 10.3, 0.1351
4.964, 53.5, 10.3, 0.13294
4.9643, 53.45, 10.3, 0.13187
4.9645, 53.4, 10.3, 0.13037
4.9647, 53.35, 10.3, 0.12929
4.9651, 53.25, 10.3, 0.12668
4.9653, 53.2, 10.3, 0.12559
4.9655, 53.1, 10.3, 0.12341
4.9656, 53.05, 10.3, 0.12232
4.9657, 53, 10.3, 0.12211
5.0157, 52.95, 10.3, 0.12388
5.0158, 54.15, 10.35, 0.15016
5.0166, 54.1, 10.35, 0.1491
5.0172, 54.05, 10.35, 0.14805
5.0181, 54, 10.35, 0.14699
5.0186, 53.95, 10.35, 0.14593
5.0195, 53.9, 10.35, 0.14487
5.02, 53.85, 10.35, 0.14337
5.0209, 53.8, 10.35, 0.14273
5.0213, 53.75, 10.35, 0.14124
5.0217, 53.7, 10.35, 0.14062
5.0229, 53.6, 10.35, 0.13761
5.0236, 53.5, 10.35, 0.13545
5.0243, 53.45, 10.35, 0.13438
5.0246, 53.4, 10.35, 0.13331
5.0249, 53.35, 10.35, 0.13265
5.0251, 53.3, 10.35, 0.13114
5.0254, 53.25, 10.35, 0.12962
5.0256, 53.2, 10.35, 0.12897
5.0258, 53.15, 10.35, 0.12744
5.026, 53.1, 10.35, 0.12593
5.0261, 52.85, 10.35, 0.12276
5.0264, 52.95, 10.35, 0.12263
5.0265, 52.9, 10.35, 0.12152
5.0765, 54.05, 10.4, 0.15098
5.0768, 54, 10.4, 0.14908
5.0774, 53.95, 10.4, 0.14844
5.0783, 53.9, 10.4, 0.14696
5.0789, 53.85, 10.4, 0.14631
5.0803, 53.75, 10.4, 0.14375
5.0812, 53.7, 10.4, 0.14268
5.0816, 53.65, 10.4, 0.14162
5.082, 53.6, 10.4, 0.14054
5.0829, 53.55, 10.4, 0.13947
5.0833, 53.5, 10.4, 0.13839
5.0836, 53.45, 10.4, 0.13731
5.0844, 53.4, 10.4, 0.1358
5.0847, 53.35, 10.4, 0.13515
5.0851, 53.3, 10.4, 0.13362
5.0853, 53.25, 10.4, 0.13256
5.0856, 53.2, 10.4, 0.13145
5.0859, 53.15, 10.4, 0.12992
5.0861, 53.1, 10.4, 0.12884
5.0863, 53.05, 10.4, 0.12773
5.0867, 52.95, 10.4, 0.12555
5.0868, 52.75, 10.4, 0.12166
5.1368, 52.8, 10.4, 0.1218
5.1371, 53.9, 10.45, 0.14995
5.1378, 53.85, 10.45, 0.14848
5.1384, 53.8, 10.45, 0.14742
5.1394, 53.75, 10.45, 0.14634
5.1399, 53.7, 10.45, 0.14527
5.1408, 53.65, 10.45, 0.14421
5.1413, 53.6, 10.45, 0.14271
5.1422, 53.55, 10.45, 0.14077
5.1426, 53.5, 10.45, 0.14056
5.1431, 53.45, 10.45, 0.13989
5.1435, 53.4, 10.45, 0.13836
5.1443, 53.35, 10.45, 0.13731
5.1446, 53.3, 10.45, 0.13578
5.145, 53.25, 10.45, 0.13471
5.1453, 53.2, 10.45, 0.13359
5.1456, 53.15, 10.45, 0.13338
5.1459, 53.1, 10.45, 0.13185
5.1462, 53.05, 10.45, 0.13078
5.1465, 53, 10.45, 0.12965
5.1467, 52.95, 10.45, 0.12813
5.1469, 52.9, 10.45, 0.12702
5.1471, 52.85, 10.45, 0.12593
5.1473, 52.6, 10.45, 0.12246
5.1476, 52.7, 10.45, 0.12216
5.1477, 52.65, 10.45, 0.12111
5.1977, 53.8, 10.5, 0.15021
5.1987, 53.7, 10.5, 0.14807
5.1997, 53.65, 10.5, 0.147
5.2002, 53.6, 10.5, 0.1455
5.2007, 53.55, 10.5, 0.14441
5.2017, 53.5, 10.5, 0.14333
5.2022, 53.45, 10.5, 0.14226
5.2026, 53.4, 10.5, 0.14117
5.2035, 53.35, 10.5, 0.14009
5.2039, 53.3, 10.5, 0.139
5.2043, 53.25, 10.5, 0.1379
5.2047, 53.2, 10.5, 0.13682
5.2055, 53.15, 10.5, 0.13529
5.2059, 53.1, 10.5, 0.13464
5.2062, 53.05, 10.5, 0.1331
5.2065, 53, 10.5, 0.13244
5.2068, 52.95, 10.5, 0.13133
5.2071, 52.9, 10.5, 0.1298
5.2073, 52.85, 10.5, 0.1287
5.2075, 52.8, 10.5, 0.12759
5.2077, 52.75, 10.5, 0.12605
5.2078, 52.6, 10.5, 0.1227
5.208, 52.55, 10.5, 0.12158
5.258, 52.5, 10.5, 0.12169
5.2581, 52.45, 10.5, 0.12304
5.2582, 53.65, 10.55, 0.14944
5.2588, 53.6, 10.55, 0.14793
5.2604, 53.5, 10.55, 0.14577
5.2609, 53.45, 10.55, 0.14513
5.2624, 53.35, 10.55, 0.14253
5.2629, 53.3, 10.55, 0.14144
5.2638, 53.25, 10.55, 0.14036
5.2642, 53.2, 10.55, 0.13969
5.2646, 53.15, 10.55, 0.13817
5.265, 53.1, 10.55, 0.13663
5.2654, 53.05, 10.55, 0.13555
5.2662, 53, 10.55, 0.13442
5.2665, 52.95, 10.55, 0.13376
5.2669, 52.9, 10.55, 0.13223
5.2672, 52.85, 10.55, 0.13111
5.2675, 52.8, 10.55, 0.13002
5.2677, 52.75, 10.55, 0.12848
5.268, 52.6, 10.55, 0.12556
5.2682, 52.55, 10.55, 0.12358
5.2683, 52.5, 10.55, 0.12246
5.2685, 52.45, 10.55, 0.12133
5.3185, 52.4, 10.55, 0.12151
5.3186, 53.55, 10.6, 0.1493
5.3188, 53.5, 10.6, 0.1482
5.3198, 53.45, 10.6, 0.14756
5.3204, 53.4, 10.6, 0.14604
5.3214, 53.35, 10.6, 0.14497
5.3219, 53.3, 10.6, 0.14387
5.3224, 53.25, 10.6, 0.14235
5.3234, 53.2, 10.6, 0.14168
5.3238, 53.15, 10.6, 0.14059
5.3243, 53.1, 10.6, 0.13949
5.3247, 53.05, 10.6, 0.1384
5.326, 52.95, 10.6, 0.13619
5.3264, 52.9, 10.6, 0.13465
5.3267, 52.85, 10.6, 0.13356
5.3271, 52.8, 10.6, 0.13244
5.3274, 52.75, 10.6, 0.13089
5.328, 52.55, 10.6, 0.12643
5.3283, 52.5, 10.6, 0.12576
5.3284, 52.15, 10.6, 0.12494
5.3285, 52.3, 10.6, 0.12043
5.3785, 52.35, 10.6, 0.12149
5.3788, 53.45, 10.65, 0.14999
5.379, 53.4, 10.65, 0.1489
5.3796, 53.35, 10.65, 0.14737
5.3806, 53.3, 10.65, 0.14629
5.3812, 53.25, 10.65, 0.14519
5.3817, 53.2, 10.65, 0.1441
5.3827, 53.15, 10.65, 0.14257
5.3832, 53.1, 10.65, 0.14189
5.3842, 53, 10.65, 0.13971
5.3851, 52.95, 10.65, 0.13818
5.3855, 52.9, 10.65, 0.13705
5.3863, 52.8, 10.65, 0.13484
5.3867, 52.75, 10.65, 0.13417
5.3871, 52.7, 10.65, 0.13261
5.3874, 52.65, 10.65, 0.13106
5.3877, 52.6, 10.65, 0.13039
5.388, 52.55, 10.65, 0.12927
5.3883, 52.5, 10.65, 0.12815
5.3886, 52.35, 10.65, 0.12432
5.3888, 52.15, 10.65, 0.12162
5.3891, 52.2, 10.65, 0.12093
5.4391, 53.3, 10.7, 0.14835
5.4396, 53.25, 10.7, 0.14812
5.4407, 53.2, 10.7, 0.14616
5.4413, 53.15, 10.7, 0.14549
5.4418, 53.1, 10.7, 0.14441
5.4428, 53.05, 10.7, 0.14243
5.4433, 53, 10.7, 0.14087
5.4443, 52.9, 10.7, 0.13998
5.4448, 52.85, 10.7, 0.13842
5.4457, 52.8, 10.7, 0.13647
5.4461, 52.75, 10.7, 0.13534
5.4465, 52.7, 10.7, 0.1351
5.4469, 52.65, 10.7, 0.13399
5.4473, 52.6, 10.7, 0.13243
5.4477, 52.55, 10.7, 0.1313
5.448, 52.5, 10.7, 0.13019
5.4482, 52.4, 10.7, 0.12837
5.4484, 52.35, 10.7, 0.12637
5.4487, 52.3, 10.7, 0.12522
5.4489, 52.15, 10.7, 0.12229
5.4491, 52.1, 10.7, 0.12024
5.4991, 52.05, 10.7, 0.12067
5.4992, 53.2, 10.75, 0.14889
5.4999, 53.15, 10.75, 0.14779
5.5005, 53.1, 10.75, 0.14668
5.5011, 53.05, 10.75, 0.14514
5.5017, 53, 10.75, 0.14404
5.5027, 52.95, 10.75, 0.14335
5.5033, 52.9, 10.75, 0.14225
5.5038, 52.85, 10.75, 0.14115
5.5043, 52.8, 10.75, 0.13918
5.5048, 52.75, 10.75, 0.13893
5.5057, 52.7, 10.75, 0.13738
5.5061, 52.65, 10.75, 0.13627
5.5066, 52.6, 10.75, 0.13513
5.507, 52.55, 10.75, 0.13402
5.5073, 52.5, 10.75, 0.13289
5.5077, 52.45, 10.75, 0.13134
5.5079, 52.35, 10.75, 0.12952
5.5085, 52.25, 10.75, 0.12681
5.5088, 52.1, 10.75, 0.1234
5.509, 51.95, 10.75, 0.12044
5.559, 51.9, 10.75, 0.1218
5.5591, 51.85, 10.75, 0.12407
5.5593, 53.1, 10.8, 0.14905
5.5595, 53.05, 10.8, 0.14795
5.5602, 53, 10.8, 0.14729
5.5612, 52.95, 10.8, 0.14532
5.5618, 52.9, 10.8, 0.1442
5.5624, 52.85, 10.8, 0.14396
5.563, 52.8, 10.8, 0.14241
5.5639, 52.75, 10.8, 0.14129
5.5645, 52.7, 10.8, 0.1393
5.565, 52.65, 10.8, 0.13862
5.5654, 52.6, 10.8, 0.13706
5.5659, 52.55, 10.8, 0.13681
5.5668, 52.45, 10.8, 0.13368
5.5672, 52.4, 10.8, 0.133
5.5676, 52.35, 10.8, 0.13188
5.5679, 52.3, 10.8, 0.13073
5.5683, 52.25, 10.8, 0.12917
5.5684, 52.15, 10.8, 0.12688
5.5689, 51.7, 10.8, 0.12486
5.569, 51.95, 10.8, 0.12187
5.5691, 51.8, 10.8, 0.12168
5.5692, 51.9, 10.8, 0.12072
5.5694, 51.85, 10.8, 0.12033
5.6194, 52.95, 10.85, 0.14766
5.62, 52.9, 10.85, 0.14698
5.6211, 52.85, 10.85, 0.14588
5.6217, 52.8, 10.85, 0.14474
5.6223, 52.75, 10.85, 0.1432
5.6229, 52.7, 10.85, 0.14207
5.6235, 52.65, 10.85, 0.14096
5.624, 52.6, 10.85, 0.13985
5.6249, 52.55, 10.85, 0.13872
5.6254, 52.5, 10.85, 0.13759
5.6259, 52.45, 10.85, 0.13647
5.6264, 52.4, 10.85, 0.13533
5.6268, 52.35, 10.85, 0.13422
5.6272, 52.25, 10.85, 0.13149
5.6276, 52.2, 10.85, 0.1308
5.6279, 52.15, 10.85, 0.12922
5.6283, 52.1, 10.85, 0.12808
5.6285, 51.5, 10.85, 0.12751
5.6286, 52.05, 10.85, 0.12693
5.6287, 51.95, 10.85, 0.12463
5.6289, 51.7, 10.85, 0.12158
5.629, 51.8, 10.85, 0.12073
5.6292, 51.75, 10.85, 0.11975
5.6792, 52.85, 10.9, 0.14777
5.6801, 52.8, 10.9, 0.14709
5.6808, 52.75, 10.9, 0.14553
5.6814, 52.7, 10.9, 0.14441
5.682, 52.65, 10.9, 0.14374
5.6826, 52.6, 10.9, 0.14261
5.6832, 52.55, 10.9, 0.14105
5.6842, 52.5, 10.9, 0.13992
5.6847, 52.45, 10.9, 0.13879
5.6852, 52.4, 10.9, 0.13722
5.6857, 52.35, 10.9, 0.13608
5.6862, 52.3, 10.9, 0.13495
5.6866, 52.25, 10.9, 0.13425
5.687, 52.15, 10.9, 0.13198
5.6874, 52.1, 10.9, 0.1304
5.6878, 52.05, 10.9, 0.12924
5.6881, 52, 10.9, 0.12809
5.6883, 51.9, 10.9, 0.12581
5.6886, 51.85, 10.9, 0.12465
5.6887, 51.75, 10.9, 0.1219
5.6889, 51.7, 10.9, 0.1212
5.6891, 51.65, 10.9, 0.12004
5.7391, 52.75, 10.95, 0.14794
5.7396, 52.7, 10.95, 0.14728
5.7403, 52.65, 10.95, 0.14613
5.7413, 52.6, 10.95, 0.14369
5.742, 52.55, 10.95, 0.14259
5.7426, 52.5, 10.95, 0.14232
5.7432, 52.45, 10.95, 0.1412
5.7437, 52.4, 10.95, 0.13963
5.7443, 52.35, 10.95, 0.13893
5.7448, 52.3, 10.95, 0.13734
5.7453, 52.25, 10.95, 0.13621
5.7458, 52.2, 10.95, 0.13508
5.7467, 52.1, 10.95, 0.13233
5.7471, 52.05, 10.95, 0.13165
5.7474, 51.95, 10.95, 0.12891
5.7478, 51.9, 10.95, 0.12775
5.7482, 51.85, 10.95, 0.12658
5.7483, 51.75, 10.95, 0.12383
5.7486, 51.5, 10.95, 0.12148
5.7487, 51.6, 10.95, 0.1199
5.7489, 51.55, 10.95, 0.11916
5.7989, 52.65, 11, 0.14836
5.7993, 52.6, 11, 0.14636
5.8, 52.55, 11, 0.14524
5.8011, 52.5, 11, 0.14498
5.8017, 52.45, 11, 0.14341
5.8023, 52.4, 11, 0.14229
5.8029, 52.35, 11, 0.14113
5.8035, 52.3, 11, 0.14001
5.804, 52.25, 11, 0.13887
5.8046, 52.2, 11, 0.13727
5.8051, 52.15, 11, 0.13615
5.8056, 52.1, 11, 0.13498
5.8061, 52.05, 11, 0.13384
5.8065, 51.95, 11, 0.13199
5.8069, 51.9, 11, 0.1304
5.8073, 51.85, 11, 0.12878
5.8076, 51.75, 11, 0.12648
5.8079, 51.7, 11, 0.12531
5.8081, 51.6, 11, 0.12299
5.8084, 51.45, 11, 0.11946
5.8584, 51.4, 11, 0.12084
5.8586, 52.55, 11.05, 0.14841
5.8592, 52.5, 11.05, 0.14639
5.8598, 52.45, 11.05, 0.14528
5.8605, 52.4, 11.05, 0.14412
5.8612, 52.35, 11.05, 0.14344
5.8618, 52.3, 11.05, 0.14186
5.8624, 52.25, 11.05, 0.14116
5.863, 52.2, 11.05, 0.13956
5.8636, 52.15, 11.05, 0.13887
5.8641, 52.1, 11.05, 0.13729
5.8646, 52.05, 11.05, 0.13612
5.8652, 52, 11.05, 0.13499
5.8656, 51.95, 11.05, 0.13383
5.8661, 51.85, 11.05, 0.13107
5.8665, 51.8, 11.05, 0.1299
5.867, 51.75, 11.05, 0.12965
5.8673, 51.65, 11.05, 0.12643
5.8676, 51.6, 11.05, 0.12572
5.8678, 51.5, 11.05, 0.12248
5.8679, 51.4, 11.05, 0.12013
5.8681, 51.35, 11.05, 0.11943
5.9182, 52.45, 11.1, 0.14755
5.9184, 52.4, 11.1, 0.14597
5.9195, 52.35, 11.1, 0.14572
5.9202, 52.3, 11.1, 0.1446
5.9215, 52.2, 11.1, 0.14185
5.9221, 52.15, 11.1, 0.14114
5.9227, 52.1, 11.1, 0.13956
5.9233, 52.05, 11.1, 0.13885
5.9239, 52, 11.1, 0.13725
5.9245, 51.9, 11.1, 0.13495
5.925, 51.85, 11.1, 0.13379
5.9255, 51.8, 11.1, 0.13218
5.9264, 51.7, 11.1, 0.12985
5.9268, 51.6, 11.1, 0.12753
5.927, 51.5, 11.1, 0.12564
5.9272, 51.4, 11.1, 0.1233
5.9274, 51.2, 11.1, 0.12073
5.9278, 51.3, 11.1, 0.12002
5.9778, 52.35, 11.15, 0.14755
5.9782, 52.3, 11.15, 0.1464
5.9789, 52.25, 11.15, 0.14526
5.9796, 52.2, 11.15, 0.14367
5.9803, 52.15, 11.15, 0.14297
5.981, 52.1, 11.15, 0.14137
5.9816, 52.05, 11.15, 0.14021
5.9822, 52, 11.15, 0.13907
5.9828, 51.95, 11.15, 0.13834
5.9834, 51.9, 11.15, 0.13675
5.9835, 51.85, 11.15, 0.13605
5.984, 51.8, 11.15, 0.13487
5.9845, 51.75, 11.15, 0.13327
5.985, 51.7, 11.15, 0.1321
5.9855, 51.6, 11.15, 0.12977
5.9859, 51.55, 11.15, 0.1286
5.9863, 51.45, 11.15, 0.12625
5.9867, 51.4, 11.15, 0.12553
5.9868, 50.95, 11.15, 0.12534
5.9869, 51.05, 11.15, 0.12162
5.987, 51.2, 11.15, 0.11989
5.9873, 51.15, 11.15, 0.11928
6.0373, 52.25, 11.2, 0.14757
6.0374, 52.2, 11.2, 0.14599
6.0381, 52.15, 11.2, 0.14529
6.0388, 52.1, 11.2, 0.14368
6.0395, 52.05, 11.2, 0.14251
6.0402, 52, 11.2, 0.14139
6.0408, 51.95, 11.2, 0.14022
6.0415, 51.9, 11.2, 0.13907
6.0421, 51.85, 11.2, 0.13789
6.0427, 51.8, 11.2, 0.1363
6.0432, 51.75, 11.2, 0.13512
6.0438, 51.7, 11.2, 0.13441
6.0439, 51.65, 11.2, 0.13369
6.0444, 51.6, 11.2, 0.13163
6.0448, 51.55, 11.2, 0.13043
6.0453, 51.45, 11.2, 0.12765
6.0457, 51.35, 11.2, 0.1262
6.0461, 51.3, 11.2, 0.12409
6.0463, 51.05, 11.2, 0.11909
6.0963, 51.1, 11.2, 0.12028
6.0965, 51.15, 11.2, 0.12054
6.0966, 52.15, 11.25, 0.14745
6.0968, 52.1, 11.25, 0.14676
6.0975, 52.05, 11.25, 0.14515
6.0982, 52, 11.25, 0.14398
6.0989, 51.95, 11.25, 0.14283
6.0996, 51.9, 11.25, 0.14166
6.1003, 51.85, 11.25, 0.14052
6.1009, 51.8, 11.25, 0.13936
6.1015, 51.75, 11.25, 0.13727
6.1021, 51.7, 11.25, 0.1361
6.1027, 51.65, 11.25, 0.13585
6.1028, 51.6, 11.25, 0.13423
6.1034, 51.55, 11.25, 0.13305
6.1039, 51.45, 11.25, 0.13069
6.1044, 51.4, 11.25, 0.12906
6.1048, 51.3, 11.25, 0.1267
6.1052, 51.2, 11.25, 0.12433
6.1055, 51.15, 11.25, 0.12313
6.1056, 51, 11.25, 0.11957
6.1059, 50.95, 11.25, 0.11884
6.1559, 50.85, 11.25, 0.12204
6.156, 52.05, 11.3, 0.14738
6.1564, 52, 11.3, 0.14577
6.1571, 51.95, 11.3, 0.14506
6.1578, 51.9, 11.3, 0.14346
6.1586, 51.85, 11.3, 0.14274
6.1593, 51.8, 11.3, 0.14156
6.1595, 51.75, 11.3, 0.13995
6.1601, 51.7, 11.3, 0.13877
6.1607, 51.65, 11.3, 0.13718
6.1614, 51.6, 11.3, 0.13644
6.1619, 51.55, 11.3, 0.13527
6.1621, 51.5, 11.3, 0.13408
6.1626, 51.45, 11.3, 0.13245
6.1631, 51.4, 11.3, 0.13174
6.1636, 51.35, 11.3, 0.13056
6.1637, 51.3, 11.3, 0.12937
6.1641, 51.2, 11.3, 0.127
6.1645, 51.1, 11.3, 0.12415
6.1648, 51, 11.3, 0.12176
6.165, 50.9, 11.3, 0.11938
6.1653, 50.85, 11.3, 0.11874
6.2153, 51.95, 11.35, 0.14637
6.2157, 51.9, 11.35, 0.14567
6.2165, 51.85, 11.35, 0.14404
6.2172, 51.8, 11.35, 0.14287
6.2179, 51.75, 11.35, 0.14218
6.2182, 51.7, 11.35, 0.14099
6.2189, 51.65, 11.35, 0.13982
6.2195, 51.6, 11.35, 0.13866
6.2202, 51.55, 11.35, 0.13701
6.2208, 51.5, 11.35, 0.13629
6.2215, 51.4, 11.35, 0.13348
6.2221, 51.3, 11.35, 0.1311
6.2226, 51.25, 11.35, 0.13038
6.2231, 51.2, 11.35, 0.12919
6.2232, 51.15, 11.35, 0.12755
6.2236, 51.1, 11.35, 0.12634
6.2239, 50.95, 11.35, 0.12229
6.224, 50.65, 11.35, 0.12156
6.2241, 50.8, 11.35, 0.1187
6.2741, 50.75, 11.35, 0.11968
6.2744, 51.9, 11.4, 0.1474
6.2748, 51.8, 11.4, 0.14507
6.2755, 51.75, 11.4, 0.14391
6.2763, 51.7, 11.4, 0.14319
6.277, 51.65, 11.4, 0.142
6.2777, 51.6, 11.4, 0.14084
6.278, 51.55, 11.4, 0.1392
6.2786, 51.5, 11.4, 0.13801
6.2793, 51.45, 11.4, 0.13684
6.2801, 51.35, 11.4, 0.13494
6.2807, 51.3, 11.4, 0.13374
6.2812, 51.25, 11.4, 0.13212
6.2813, 51.2, 11.4, 0.13092
6.2818, 51.15, 11.4, 0.12971
6.2824, 51.1, 11.4, 0.12853
6.2826, 50.4, 11.4, 0.12725
6.2828, 50.9, 11.4, 0.12325
6.2831, 50.8, 11.4, 0.12132
6.2832, 50.65, 11.4, 0.11968
6.2834, 50.7, 11.4, 0.11845
6.3334, 50.75, 11.4, 0.11965
6.3335, 51.75, 11.45, 0.14571
6.334, 51.7, 11.45, 0.14407
6.3348, 51.65, 11.45, 0.14335
6.3356, 51.6, 11.45, 0.14172
6.3359, 51.55, 11.45, 0.14145
6.3366, 51.5, 11.45, 0.14073
6.3373, 51.45, 11.45, 0.13909
6.338, 51.4, 11.45, 0.137
6.3386, 51.35, 11.45, 0.13578
6.3388, 51.3, 11.45, 0.13551
6.3394, 51.25, 11.45, 0.13431
6.34, 51.2, 11.45, 0.13176
6.3407, 51.1, 11.45, 0.12985
6.3408, 51.05, 11.45, 0.12957
6.3413, 50.95, 11.45, 0.12669
6.3417, 50.3, 11.45, 0.12641
6.3418, 50.85, 11.45, 0.1243
6.3421, 50.7, 11.45, 0.12069
6.3422, 50.55, 11.45, 0.11883
6.3424, 50.6, 11.45, 0.11787
6.3924, 50.65, 11.45, 0.11899
6.3925, 51.65, 11.5, 0.14592
6.393, 51.6, 11.5, 0.14429
6.3938, 51.55, 11.5, 0.14355
6.3946, 51.5, 11.5, 0.14239
6.3953, 51.45, 11.5, 0.1412
6.3963, 51.35, 11.5, 0.13835
6.397, 51.3, 11.5, 0.13716
6.3977, 51.25, 11.5, 0.13644
6.3979, 51.2, 11.5, 0.13478
6.3985, 51.15, 11.5, 0.13405
6.3992, 51.05, 11.5, 0.13165
6.3999, 50.95, 11.5, 0.12879
6.4004, 50.9, 11.5, 0.1276
6.4005, 50.85, 11.5, 0.12639
6.4009, 50.7, 11.5, 0.12322
6.4011, 50.35, 11.5, 0.12259
6.4012, 50.55, 11.5, 0.1191
6.4015, 50.5, 11.5, 0.11784
6.4515, 51.55, 11.55, 0.14573
6.4522, 51.5, 11.55, 0.14454
6.453, 51.45, 11.55, 0.14245
6.4538, 51.4, 11.55, 0.14218
6.4541, 51.35, 11.55, 0.14098
6.4548, 51.3, 11.55, 0.13979
6.4555, 51.25, 11.55, 0.13767
6.4558, 51.2, 11.55, 0.13694
6.4565, 51.15, 11.55, 0.13574
6.4571, 51.1, 11.55, 0.13453
6.4573, 51.05, 11.55, 0.13333
6.4579, 51, 11.55, 0.13212
6.458, 50.95, 11.55, 0.13093
6.4586, 50.9, 11.55, 0.12925
6.4587, 50.85, 11.55, 0.12805
6.4592, 50.8, 11.55, 0.12685
6.4593, 50.75, 11.55, 0.12609
6.4596, 50.15, 11.55, 0.1255
6.4598, 50.6, 11.55, 0.12197
6.4601, 50.45, 11.55, 0.11833
6.5101, 50.4, 11.55, 0.11883
6.5105, 51.45, 11.6, 0.14505
6.5119, 51.35, 11.6, 0.14268
6.5127, 51.3, 11.6, 0.14147
6.513, 51.25, 11.6, 0.14029
6.5145, 51.15, 11.6, 0.13788
6.5147, 51.1, 11.6, 0.1367
6.5154, 51.05, 11.6, 0.1355
6.5161, 51, 11.6, 0.13427
6.5163, 50.95, 11.6, 0.13308
6.517, 50.85, 11.6, 0.13112
6.5176, 50.8, 11.6, 0.12897
6.5177, 50.75, 11.6, 0.12823
6.5183, 50.65, 11.6, 0.12534
6.5184, 50.6, 11.6, 0.12459
6.5186, 50.15, 11.6, 0.12318
6.5188, 50.5, 11.6, 0.12119
6.5189, 50.25, 11.6, 0.11983
6.519, 50.3, 11.6, 0.11886
6.5191, 50.35, 11.6, 0.11752
6.5692, 51.45, 11.65, 0.1472
6.5693, 51.35, 11.65, 0.14436
6.5702, 51.3, 11.65, 0.14362
6.571, 51.25, 11.65, 0.14243
6.5713, 51.2, 11.65, 0.14122
6.5721, 51.15, 11.65, 0.14002
6.5729, 51.1, 11.65, 0.13836
6.5731, 51.05, 11.65, 0.13716
6.5739, 51, 11.65, 0.13594
6.5741, 50.95, 11.65, 0.13473
6.5748, 50.9, 11.65, 0.13353
6.5756, 50.8, 11.65, 0.1311
6.5762, 50.75, 11.65, 0.12988
6.5763, 50.7, 11.65, 0.12867
6.5768, 49.9, 11.65, 0.12758
6.577, 50.6, 11.65, 0.1267
6.5771, 50.5, 11.65, 0.12331
6.5774, 50.05, 11.65, 0.12277
6.5776, 50.35, 11.65, 0.11961
6.5778, 50.2, 11.65, 0.11894
6.5779, 50.25, 11.65, 0.11763
6.6279, 50.3, 11.65, 0.11887
6.628, 51.3, 11.7, 0.14536
6.6281, 51.25, 11.7, 0.14462
6.629, 51.2, 11.7, 0.14247
6.6298, 51.15, 11.7, 0.14127
6.6317, 51, 11.7, 0.13764
6.6327, 50.9, 11.7, 0.13476
6.6329, 50.85, 11.7, 0.13449
6.6338, 50.75, 11.7, 0.13206
6.6345, 50.7, 11.7, 0.12992
6.6346, 50.65, 11.7, 0.12962
6.6352, 50.6, 11.7, 0.12746
6.6354, 50.5, 11.7, 0.12642
6.6358, 49.9, 11.7, 0.12531
6.6359, 49.95, 11.7, 0.12387
6.636, 50.35, 11.7, 0.12226
6.6362, 50.05, 11.7, 0.12101
6.6363, 50.1, 11.7, 0.11907
6.6364, 50.15, 11.7, 0.11812
6.6864, 50.2, 11.7, 0.11856
6.6865, 51.2, 11.75, 0.14501
6.6871, 51.15, 11.75, 0.1438
6.6883, 51.05, 11.75, 0.14138
6.6891, 51, 11.75, 0.13971
6.6899, 50.95, 11.75, 0.13897
6.691, 50.85, 11.75, 0.13653
6.6913, 50.8, 11.75, 0.13485
6.692, 50.75, 11.75, 0.13411
6.6929, 50.65, 11.75, 0.13166
6.693, 50.6, 11.75, 0.12998
6.6937, 50.55, 11.75, 0.12923
6.6939, 50.45, 11.75, 0.12627
6.6944, 49.8, 11.75, 0.12536
6.6946, 50.3, 11.75, 0.1221
6.6947, 50.25, 11.75, 0.12088
6.695, 50.05, 11.75, 0.11815
6.6951, 50.1, 11.75, 0.11762
6.7451, 50.2, 11.75, 0.12058
6.7452, 39.8, 12.45, 0.14456
6.7453, 51.1, 11.8, 0.14424
6.7457, 51.05, 11.8, 0.14349
6.7466, 51, 11.8, 0.14181
6.7474, 50.95, 11.8, 0.14059
6.7478, 50.9, 11.8, 0.13984
6.7486, 50.85, 11.8, 0.1377
6.7489, 50.8, 11.8, 0.13694
6.7497, 50.75, 11.8, 0.13526
6.75, 50.7, 11.8, 0.1345
6.7507, 50.65, 11.8, 0.13282
6.7509, 50.6, 11.8, 0.13252
6.7516, 50.55, 11.8, 0.13083
6.7518, 50.5, 11.8, 0.1296
6.752, 50.45, 11.8, 0.12883
6.7526, 50.4, 11.8, 0.12666
6.7527, 50.35, 11.8, 0.12543
6.7529, 50.25, 11.8, 0.12388
6.7531, 49.8, 11.8, 0.12305
6.7532, 49.85, 11.8, 0.12158
6.7534, 50, 11.8, 0.11721
6.8034, 50.05, 11.8, 0.11844
6.8035, 51.05, 11.85, 0.14559
6.8037, 51, 11.85, 0.1439
6.8046, 50.95, 11.85, 0.14223
6.8058, 50.85, 11.85, 0.1398
6.8067, 50.8, 11.85, 0.13904
6.807, 50.75, 11.85, 0.13735
6.8078, 50.7, 11.85, 0.13659
6.8081, 50.65, 11.85, 0.13489
6.8089, 50.6, 11.85, 0.13414
6.8091, 50.55, 11.85, 0.13244
6.8094, 50.5, 11.85, 0.13168
6.81, 50.45, 11.85, 0.13046
6.8102, 50.4, 11.85, 0.12873
6.8104, 50.35, 11.85, 0.12796
6.8113, 50.2, 11.85, 0.12331
6.8114, 50.15, 11.85, 0.12301
6.8117, 49.75, 11.85, 0.12219
6.8118, 49.8, 11.85, 0.12073
6.8119, 49.9, 11.85, 0.11734
6.8619, 49.95, 11.85, 0.11754
6.862, 39.8, 12.5, 0.144
6.8627, 50.9, 11.9, 0.14263
6.8631, 50.85, 11.9, 0.14188
6.864, 50.8, 11.9, 0.14067
6.8644, 50.75, 11.9, 0.13991
6.8652, 50.7, 11.9, 0.13774
6.8664, 50.6, 11.9, 0.13527
6.8667, 50.55, 11.9, 0.13451
6.8674, 50.5, 11.9, 0.13327
6.8677, 50.45, 11.9, 0.13252
6.8679, 50.4, 11.9, 0.13128
6.8686, 50.35, 11.9, 0.13004
6.8688, 50.3, 11.9, 0.12833
6.869, 50.25, 11.9, 0.12709
6.8697, 49.55, 11.9, 0.12523
6.8698, 49.6, 11.9, 0.12376
6.8699, 49.65, 11.9, 0.12232
6.87, 49.7, 11.9, 0.12086
6.8701, 49.85, 11.9, 0.11707
6.9201, 49.8, 11.9, 0.11794
6.9206, 39.8, 12.55, 0.1429
6.9218, 50.75, 11.95, 0.14108
6.9222, 50.7, 11.95, 0.14078
6.9231, 50.65, 11.95, 0.1386
6.9235, 50.6, 11.95, 0.13831
6.9243, 50.55, 11.95, 0.13614
6.9246, 50.5, 11.95, 0.13586
6.9254, 50.45, 11.95, 0.13369
6.9257, 50.4, 11.95, 0.13245
6.926, 50.35, 11.95, 0.13215
6.9267, 50.3, 11.95, 0.1295
6.9269, 50.25, 11.95, 0.12872
6.9271, 50.2, 11.95, 0.1284
6.9273, 50.15, 11.95, 0.1267
6.928, 50.1, 11.95, 0.1245
6.9281, 50.05, 11.95, 0.12371
6.9282, 50, 11.95, 0.12199
6.9283, 49.95, 11.95, 0.12169
6.9284, 49.85, 11.95, 0.11918
6.9285, 49.75, 11.95, 0.11714
6.9785, 39.8, 12.6, 0.14181
6.9802, 50.65, 12, 0.14111
6.9811, 50.6, 12, 0.13987
6.9815, 50.55, 12, 0.13863
6.9823, 50.5, 12, 0.1374
6.9827, 50.45, 12, 0.13568
6.983, 50.4, 12, 0.13445
6.9838, 50.35, 12, 0.13368
6.9841, 50.3, 12, 0.13197
6.9844, 50.25, 12, 0.13118
6.9851, 50.2, 12, 0.12945
6.9854, 50.15, 12, 0.12869
6.9856, 50.1, 12, 0.12697
6.9858, 50.05, 12, 0.1257
6.9859, 50, 12, 0.12446
6.9863, 49.45, 12, 0.12356
6.9866, 49.95, 12, 0.12321
6.9867, 49.9, 12, 0.12242
6.9868, 49.85, 12, 0.12117
6.9869, 49.7, 12, 0.11689
7.037, 39.8, 12.65, 0.1407
7.0387, 50.55, 12.05, 0.14021
7.0392, 50.5, 12.05, 0.13899
7.04, 50.45, 12.05, 0.13774
7.0404, 50.4, 12.05, 0.13649
7.0413, 50.35, 12.05, 0.13478
7.0416, 50.3, 12.05, 0.134
7.0419, 50.25, 12.05, 0.13323
7.0422, 50.2, 12.05, 0.13151
7.043, 50.15, 12.05, 0.12977
7.0433, 50.1, 12.05, 0.129
7.0435, 50.05, 12.05, 0.12823
7.0437, 50, 12.05, 0.12649
7.0439, 49.95, 12.05, 0.12523
7.0445, 49.35, 12.05, 0.1242
7.0446, 49.4, 12.05, 0.12225
7.0447, 49.85, 12.05, 0.12224
7.0448, 49.8, 12.05, 0.12145
7.0449, 49.75, 12.05, 0.11969
7.045, 49.7, 12.05, 0.11891
7.0451, 49.6, 12.05, 0.1159
7.0951, 39.55, 12.7, 0.14072
7.097, 50.45, 12.1, 0.1393
7.0979, 50.4, 12.1, 0.13853
7.0983, 50.35, 12.1, 0.13681
7.0987, 50.3, 12.1, 0.13558
7.0995, 50.25, 12.1, 0.13526
7.0999, 50.2, 12.1, 0.13353
7.1002, 50.15, 12.1, 0.1318
7.1005, 50.1, 12.1, 0.13103
7.1013, 50.05, 12.1, 0.1293
7.1015, 50, 12.1, 0.1285
7.1018, 49.95, 12.1, 0.12726
7.1022, 49.2, 12.1, 0.12585
7.1024, 49.8, 12.1, 0.1225
7.1025, 49.75, 12.1, 0.12218
7.1026, 49.7, 12.1, 0.12043
7.1028, 49.6, 12.1, 0.11789
7.1029, 49.5, 12.1, 0.117
7.153, 39.55, 12.75, 0.14016
7.1549, 50.4, 12.15, 0.13961
7.1553, 50.35, 12.15, 0.13885
7.1558, 50.3, 12.15, 0.1376
7.1567, 50.25, 12.15, 0.13633
7.1571, 50.2, 12.15, 0.13556
7.1575, 50.15, 12.15, 0.13383
7.1583, 50.1, 12.15, 0.13257
7.1586, 50.05, 12.15, 0.13131
7.1589, 50, 12.15, 0.13004
7.1592, 49.95, 12.15, 0.1288
7.1595, 49.9, 12.15, 0.128
7.1597, 49.85, 12.15, 0.12625
7.1599, 49.8, 12.15, 0.12499
7.1606, 49.75, 12.15, 0.12372
7.1608, 49.7, 12.15, 0.12246
7.1609, 49.25, 12.15, 0.12208
7.161, 49.3, 12.15, 0.12011
7.1611, 49.6, 12.15, 0.1199
7.1612, 49.55, 12.15, 0.11862
7.1613, 49.5, 12.15, 0.11735
7.2113, 39.55, 12.8, 0.13905
7.2134, 50.25, 12.2, 0.13889
7.2143, 50.2, 12.2, 0.13619
7.2147, 50.15, 12.2, 0.13494
7.2155, 50.05, 12.2, 0.13385
7.2164, 50, 12.2, 0.13114
7.2167, 49.95, 12.2, 0.13034
7.2173, 49.85, 12.2, 0.12736
7.2178, 49.75, 12.2, 0.12576
7.2181, 49.7, 12.2, 0.12495
7.2183, 49.65, 12.2, 0.12322
7.2184, 49.6, 12.2, 0.12244
7.2186, 49.2, 12.2, 0.12181
7.2187, 49.5, 12.2, 0.11986
7.2188, 49.45, 12.2, 0.1181
7.2189, 49.4, 12.2, 0.11682
7.219, 49.35, 12.2, 0.11591
7.269, 49.3, 12.2, 0.1174
7.2691, 39.55, 12.85, 0.13792
7.2716, 50.15, 12.25, 0.13738
7.2725, 50.1, 12.25, 0.13563
7.273, 50.05, 12.25, 0.13533
7.2734, 50, 12.25, 0.13359
7.2737, 49.95, 12.25, 0.13233
7.2741, 49.9, 12.25, 0.13104
7.2745, 49.85, 12.25, 0.12979
7.2752, 49.8, 12.25, 0.12851
7.2757, 48.9, 12.25, 0.12744
7.2758, 49.7, 12.25, 0.12596
7.2761, 49.65, 12.25, 0.12516
7.2763, 49.6, 12.25, 0.12341
7.2764, 49.1, 12.25, 0.12195
7.2766, 49.35, 12.25, 0.1165
7.2767, 49.3, 12.25, 0.1157
7.3267, 49.25, 12.25, 0.11701
7.3268, 49.4, 12.25, 0.11828
7.327, 39.8, 12.85, 0.13685
7.33, 50.05, 12.3, 0.13637
7.3304, 50, 12.3, 0.13511
7.3308, 49.95, 12.3, 0.13479
7.3312, 49.9, 12.3, 0.13304
7.3316, 49.85, 12.3, 0.13178
7.3325, 49.8, 12.3, 0.13001
7.3328, 49.75, 12.3, 0.12875
7.3331, 48.8, 12.3, 0.12863
7.3334, 49.65, 12.3, 0.12619
7.3338, 48.9, 12.3, 0.12565
7.334, 49.55, 12.3, 0.12362
7.3342, 49.5, 12.3, 0.12185
7.3343, 49.35, 12.3, 0.11896
7.3344, 49.3, 12.3, 0.11766
7.3345, 49.25, 12.3, 0.11589
7.3846, 49.2, 12.3, 0.1167
7.3847, 49.1, 12.3, 0.11919
7.3848, 39.8, 12.9, 0.13636
7.388, 49.95, 12.35, 0.13582
7.3884, 49.9, 12.35, 0.13456
7.3889, 49.85, 12.35, 0.13376
7.3893, 49.8, 12.35, 0.13152
7.3897, 49.75, 12.35, 0.13072
7.39, 49.7, 12.35, 0.12897
7.3904, 49.65, 12.35, 0.12818
7.3907, 49.6, 12.35, 0.12687
7.391, 49.55, 12.35, 0.12561
7.3913, 49.5, 12.35, 0.1243
7.3915, 49.45, 12.35, 0.12302
7.3918, 49.4, 12.35, 0.12125
7.392, 49.35, 12.35, 0.12043
7.3921, 49.15, 12.35, 0.1154
7.4421, 49.1, 12.35, 0.11641
7.4422, 49.2, 12.35, 0.11654
7.4425, 39.8, 12.95, 0.13466
7.4461, 49.8, 12.4, 0.13398
7.4465, 49.75, 12.4, 0.13223
7.447, 49.7, 12.4, 0.13142
7.4478, 49.65, 12.4, 0.12965
7.4482, 49.6, 12.4, 0.12885
7.4485, 48.65, 12.4, 0.12859
7.4486, 49.55, 12.4, 0.12708
7.4489, 49.5, 12.4, 0.12628
7.449, 49.4, 12.4, 0.12371
7.4492, 49.35, 12.4, 0.12239
7.4495, 49.3, 12.4, 0.12063
7.4496, 48.9, 12.4, 0.12059
7.4497, 49.1, 12.4, 0.11542
7.4997, 49.05, 12.4, 0.11562
7.4998, 49.15, 12.4, 0.11721
7.5001, 39.55, 13, 0.13577
7.5035, 49.75, 12.45, 0.13469
7.5039, 49.7, 12.45, 0.13342
7.5044, 49.65, 12.45, 0.13214
7.5048, 49.6, 12.45, 0.13085
7.5052, 49.55, 12.45, 0.12908
7.5056, 49.5, 12.45, 0.12828
7.5059, 49.45, 12.45, 0.12697
7.5062, 49.4, 12.45, 0.12569
7.5065, 49.35, 12.45, 0.12439
7.5068, 49.3, 12.45, 0.1226
7.5071, 49.25, 12.45, 0.1218
7.5072, 49.1, 12.45, 0.11738
7.5074, 49.05, 12.45, 0.11658
7.5076, 49, 12.45, 0.11438
7.5576, 48.95, 12.45, 0.11635
7.5577, 39.8, 13, 0.13472
7.5596, 39.3, 13.1, 0.13515
7.5609, 49.7, 12.5, 0.13486
7.5614, 49.65, 12.5, 0.13357
7.5619, 49.6, 12.5, 0.13228
7.5623, 49.55, 12.5, 0.131
7.5627, 49.5, 12.5, 0.12969
7.5631, 49.45, 12.5, 0.12842
7.5635, 49.4, 12.5, 0.1271
7.5639, 49.35, 12.5, 0.12583
7.564, 48.6, 12.5, 0.12556
7.5642, 49.3, 12.5, 0.12452
7.5643, 49.2, 12.5, 0.12193
7.5646, 49.15, 12.5, 0.12013
7.5647, 49, 12.5, 0.11669
7.5649, 48.95, 12.5, 0.11489
7.6149, 48.9, 12.5, 0.11604
7.6151, 39.8, 13.05, 0.1342
7.6185, 49.6, 12.55, 0.13376
7.619, 49.55, 12.55, 0.13246
7.6195, 49.5, 12.55, 0.13118
7.6199, 49.45, 12.55, 0.12988
7.6207, 49.35, 12.55, 0.12727
7.6211, 49.3, 12.55, 0.12597
7.6215, 49.25, 12.55, 0.12419
7.6216, 49.15, 12.55, 0.12206
7.6219, 49.1, 12.55, 0.12124
7.6222, 48.8, 12.55, 0.11677
7.6223, 48.9, 12.55, 0.11549
7.6724, 48.85, 12.55, 0.11576
7.6725, 39.8, 13.1, 0.13306
7.6767, 49.45, 12.6, 0.13133
7.6772, 49.4, 12.6, 0.13002
7.6777, 49.35, 12.6, 0.12873
7.678, 49.25, 12.6, 0.12661
7.6784, 49.2, 12.6, 0.12481
7.6787, 49.15, 12.6, 0.12398
7.6791, 49.1, 12.6, 0.12218
7.6792, 49, 12.6, 0.11956
7.6794, 48.7, 12.6, 0.11751
7.6796, 48.8, 12.6, 0.11526
7.7296, 48.85, 12.6, 0.11559
7.7299, 39.8, 13.15, 0.13255
7.7336, 49.4, 12.65, 0.13147
7.7341, 49.35, 12.65, 0.13016
7.7346, 49.3, 12.65, 0.12934
7.735, 49.25, 12.65, 0.12804
7.7355, 49.2, 12.65, 0.12672
7.7357, 48.35, 12.65, 0.12637
7.7358, 49.1, 12.65, 0.12411
7.7361, 49.05, 12.65, 0.12229
7.7364, 49, 12.65, 0.12197
7.7366, 48.5, 12.65, 0.12131
7.7367, 48.65, 12.65, 0.11726
7.7368, 48.75, 12.65, 0.11437
7.7868, 48.7, 12.65, 0.11574
7.787, 48.8, 12.65, 0.11618
7.7871, 39.8, 13.2, 0.13144
7.7911, 49.3, 12.7, 0.13128
7.7916, 49.25, 12.7, 0.12949
7.7921, 49.2, 12.7, 0.12869
7.7925, 49.15, 12.7, 0.12639
7.7929, 49.05, 12.7, 0.12475
7.793, 49.1, 12.7, 0.12458
7.7933, 49, 12.7, 0.12342
7.7936, 48.95, 12.7, 0.12209
7.7938, 48.85, 12.7, 0.11898
7.794, 48.6, 12.7, 0.11604
7.7941, 48.7, 12.7, 0.11547
7.7943, 48.65, 12.7, 0.11353
7.8443, 39.8, 13.25, 0.1315
7.8482, 49.25, 12.75, 0.13091
7.8487, 49.2, 12.75, 0.13008
7.8488, 49.15, 12.75, 0.12876
7.8492, 49.1, 12.75, 0.12743
7.8497, 49.05, 12.75, 0.12613
7.8501, 49, 12.75, 0.12481
7.8504, 48.9, 12.75, 0.12215
7.8506, 48.35, 12.75, 0.12185
7.8508, 48.85, 12.75, 0.12034
7.8509, 48.75, 12.75, 0.11868
7.851, 48.65, 12.75, 0.11552
7.8512, 48.6, 12.75, 0.11418
7.9012, 48.55, 12.75, 0.11526
7.9014, 39.55, 13.3, 0.132
7.9049, 49.2, 12.8, 0.13149
7.9055, 49.15, 12.8, 0.13016
7.906, 49.1, 12.8, 0.12935
7.9065, 49, 12.8, 0.1262
7.9069, 48.95, 12.8, 0.12439
7.9073, 48.85, 12.8, 0.12273
7.9077, 48.3, 12.8, 0.12063
7.9078, 48.7, 12.8, 0.11823
7.908, 48.6, 12.8, 0.11558
7.9082, 48.55, 12.8, 0.11373
7.9582, 48.5, 12.8, 0.11551
7.9585, 39.3, 13.4, 0.13134
7.9623, 49.1, 12.85, 0.13075
7.9629, 49, 12.85, 0.12761
7.9634, 48.95, 12.85, 0.12679
7.9639, 48.9, 12.85, 0.12545
7.9642, 48.8, 12.85, 0.12278
7.9645, 48.7, 12.85, 0.11963
7.9648, 48.3, 12.85, 0.11887
7.9649, 48.65, 12.85, 0.11828
7.965, 48.55, 12.85, 0.11612
7.9651, 48.45, 12.85, 0.11478
7.9653, 48.5, 12.85, 0.11427
8.0153, 39.8, 13.35, 0.12981
8.0199, 48.95, 12.9, 0.12768
8.0204, 48.85, 12.9, 0.12551
8.0209, 48.8, 12.9, 0.12418
8.0212, 48.7, 12.9, 0.122
8.0214, 48.15, 12.9, 0.1212
8.0215, 48.6, 12.9, 0.11881
8.0217, 48.5, 12.9, 0.11613
8.022, 48.45, 12.9, 0.11478
8.072, 48.35, 12.9, 0.11509
8.0721, 39.8, 13.4, 0.12928
8.0764, 48.9, 12.95, 0.12825
8.077, 48.8, 12.95, 0.12658
8.0775, 48.75, 12.95, 0.12427
8.0779, 48.65, 12.95, 0.12157
8.0783, 48.55, 12.95, 0.11988
8.0785, 48.45, 12.95, 0.11718
8.0787, 48.25, 12.95, 0.1159
8.0788, 48.4, 12.95, 0.11484
8.1288, 48.2, 12.95, 0.11747
8.1289, 39.55, 13.5, 0.12921
8.1331, 48.85, 13, 0.12877
8.1337, 48.75, 13, 0.12609
8.1342, 48.65, 13, 0.12341
8.1347, 47.95, 13, 0.12338
8.1351, 48.1, 13, 0.11877
8.1354, 48.4, 13, 0.11667
8.1356, 48.3, 13, 0.11395
8.1856, 48.35, 13, 0.11531
8.1857, 39.8, 13.5, 0.12881
8.19, 48.75, 13.05, 0.12796
8.1905, 48.7, 13.05, 0.12612
8.1906, 48.65, 13.05, 0.12527
8.191, 47.85, 13.05, 0.12425
8.1911, 48.55, 13.05, 0.12208
8.1915, 48.45, 13.05, 0.11937
8.1918, 48.35, 13.05, 0.11666
8.1921, 48.25, 13.05, 0.11446
8.1924, 48.2, 13.05, 0.11308
8.2424, 39.8, 13.55, 0.12765
8.2469, 48.65, 13.1, 0.12712
8.247, 48.6, 13.1, 0.12578
8.2474, 47.75, 13.1, 0.12563
8.2475, 48.55, 13.1, 0.12442
8.2478, 47.8, 13.1, 0.12358
8.248, 48.4, 13.1, 0.12036
8.2484, 48.3, 13.1, 0.11714
8.2485, 48.15, 13.1, 0.11323
8.2985, 48.2, 13.1, 0.11392
8.2987, 48.1, 13.1, 0.11477
8.2988, 39.8, 13.6, 0.12711
8.3035, 48.55, 13.15, 0.12528
8.3041, 48.45, 13.15, 0.12256
8.3044, 47.8, 13.15, 0.12185
8.3046, 48.35, 13.15, 0.11986
8.3049, 48.2, 13.15, 0.11575
8.3051, 48.05, 13.15, 0.11408
8.3052, 48.1, 13.15, 0.11302
8.3228, 59.75, 14.15, 0.08732
8.3249, 60, 14.2, 0.0871
8.3333, 59.95, 14.2, 0.08648
8.3766, 59.95, 14.25, 0.08646
8.4117, 60, 14.3, 0.08633
8.4157, 36.3, 14.2, 0
8.4657, 39.8, 13.7, 0
8.4719, 36.35, 14.2, 0
8.4775, 59.3, 14.2, 0
8.4888, 36.4, 14.2, 0
8.4892, 59.25, 14.2, 0
8.4969, 36.45, 14.2, 0
8.5009, 59.2, 14.2, 0
8.5046, 40.05, 13.7, 0
8.5068, 36.5, 14.2, 0
8.5126, 59.1, 14.2, 0
8.5203, 36.55, 14.2, 0
8.5235, 59.35, 14.25, 0.0878
